day,close,pem,pep,p20,p50,p80
2011-08-02,nan,40.83,0.00,40.83,40.83,40.83
2011-08-03,3457.89,41.16,50.00,40.90,40.99,41.09
2011-08-04,3462.98,41.23,66.67,40.96,41.16,41.20
2011-08-05,3473.52,40.34,0.00,40.64,40.99,41.19
2011-08-08,3400.43,38.34,0.00,39.94,40.83,41.17
2011-08-09,3257.11,38.24,0.00,38.34,40.59,41.16
2011-08-10,3256.30,38.58,28.57,38.39,40.34,41.09
2011-08-11,3294.26,39.39,37.50,38.44,39.87,41.03
2011-08-12,3348.18,39.89,44.44,38.48,39.89,40.96
2011-08-15,3370.21,40.25,50.00,38.53,40.07,40.90
2011-08-16,3419.89,39.82,36.36,38.58,39.89,40.83
2011-08-17,3395.64,39.86,41.67,38.74,39.87,40.73
2011-08-18,3384.14,39.33,23.08,38.88,39.86,40.63
2011-08-19,3323.58,39.26,21.43,38.99,39.84,40.54
2011-08-22,3292.86,39.27,26.67,39.12,39.82,40.44
2011-08-23,3263.78,39.67,43.75,39.26,39.75,40.34
2011-08-24,3316.38,39.60,41.18,39.26,39.67,40.32
2011-08-25,3307.90,40.05,66.67,39.26,39.75,40.30
2011-08-26,3397.27,40.38,78.95,39.27,39.82,40.36
2011-08-29,3400.34,40.27,70.00,39.27,39.84,40.35
2011-08-30,3356.70,39.95,57.14,39.27,39.86,40.34
2011-08-31,3336.01,39.47,31.82,39.28,39.84,40.33
2011-09-01,3331.98,39.25,13.04,39.26,39.82,40.31
2011-09-02,3313.78,38.87,12.50,39.26,39.75,40.30
2011-09-05,3276.95,38.21,0.00,39.17,39.67,40.28
2011-09-06,3203.01,37.72,0.00,38.87,39.64,40.27
2011-09-07,3179.70,38.66,18.52,38.70,39.60,40.27
2011-09-08,3249.36,38.27,10.71,38.61,39.53,40.26
2011-09-09,3219.83,38.03,3.45,38.48,39.47,40.26
2011-09-13,3208.34,37.52,0.00,38.33,39.43,40.25
2011-09-14,3165.22,37.86,6.45,38.27,39.39,40.25
2011-09-15,3189.48,37.86,9.38,38.25,39.36,40.21
2011-09-16,3188.57,37.91,12.12,38.22,39.33,40.17
2011-09-19,3192.08,37.02,0.00,38.14,39.30,40.13
2011-09-20,3129.02,37.28,2.86,38.01,39.27,40.09
2011-09-21,3143.22,38.39,33.33,38.03,39.27,40.05
2011-09-22,3236.14,37.34,5.41,37.93,39.26,40.03
2011-09-23,3139.47,36.91,0.00,37.88,39.25,40.01
2011-09-26,3117.81,36.60,0.00,37.86,39.25,39.99
2011-09-27,3057.86,36.73,2.50,37.83,39.06,39.97
2011-09-28,3080.89,36.26,0.00,37.72,38.87,39.95
2011-09-29,3039.79,35.25,0.00,37.56,38.77,39.94
2011-09-30,2981.47,35.01,0.00,37.41,38.66,39.93
2011-10-10,2972.77,34.75,0.00,37.32,38.62,39.91
2011-10-11,2950.19,34.68,0.00,37.23,38.58,39.90
2011-10-12,2943.76,36.04,8.70,37.02,38.48,39.89
2011-10-13,3049.38,36.44,12.77,36.93,38.39,39.88
2011-10-14,3079.31,36.16,10.42,36.80,38.37,39.88
2011-10-17,3067.60,36.44,14.29,36.68,38.34,39.87
2011-10-18,3080.96,35.37,8.00,36.57,38.31,39.87
2011-10-19,2992.03,35.16,5.88,36.44,38.27,39.86
2011-10-20,2979.86,33.97,0.00,36.44,38.26,39.85
2011-10-21,2901.72,33.47,0.00,36.33,38.24,39.84
2011-10-24,2871.39,33.99,3.70,36.22,38.23,39.84
2011-10-25,2938.16,34.94,9.09,36.14,38.21,39.83
2011-10-26,3003.89,35.15,12.50,36.04,38.12,39.82
2011-10-27,3033.20,35.07,12.28,35.50,38.03,39.79
2011-10-28,3038.43,35.63,20.69,35.47,37.97,39.76
2011-10-31,3100.59,35.88,22.03,35.53,37.91,39.73
2011-11-01,3100.44,36.14,25.00,35.58,37.88,39.70
2011-11-02,3102.53,36.67,34.43,35.63,37.86,39.67
2011-11-03,3155.78,36.96,38.71,35.68,37.86,39.66
2011-11-04,3164.57,37.31,42.86,35.73,37.86,39.64
2011-11-07,3187.57,37.08,40.62,35.78,37.79,39.63
2011-11-08,3164.37,36.63,32.31,35.83,37.72,39.61
2011-11-09,3142.49,37.26,42.42,35.88,37.62,39.60
2011-11-10,3180.28,37.00,38.81,35.91,37.52,39.57
2011-11-11,3127.82,37.11,42.65,35.94,37.43,39.55
2011-11-14,3124.66,37.76,52.17,35.98,37.52,39.52
2011-11-15,3193.56,38.05,58.57,36.01,37.62,39.50
2011-11-16,3199.47,36.99,36.62,36.04,37.52,39.47
2011-11-17,3115.88,37.14,43.06,36.06,37.43,39.45
2011-11-18,3109.42,35.92,19.18,35.97,37.34,39.44
2011-11-21,3033.94,36.01,20.27,35.97,37.33,39.42
2011-11-22,3037.41,35.71,17.33,35.91,37.31,39.41
2011-11-23,3035.62,35.61,15.79,35.88,37.30,39.39
2011-11-24,3013.38,35.56,15.58,35.74,37.28,39.38
2011-11-25,3014.87,35.38,15.38,35.66,37.27,39.37
2011-11-28,2993.84,35.53,16.46,35.62,37.26,39.35
2011-11-29,2997.05,36.12,27.50,35.63,37.20,39.34
2011-11-30,3041.41,34.60,3.70,35.61,37.14,39.33
2011-12-01,2929.29,35.24,13.41,35.57,37.12,39.32
2011-12-02,2995.85,34.45,3.61,35.54,37.11,39.31
2011-12-05,2951.96,33.37,0.00,35.47,37.09,39.29
2011-12-06,2887.60,33.34,0.00,35.38,37.08,39.28
2011-12-07,2884.76,33.46,2.33,35.37,37.05,39.27
2011-12-08,2896.42,33.67,4.60,35.27,37.02,39.27
2011-12-09,2894.19,33.20,0.00,35.24,37.01,39.27
2011-12-12,2868.24,32.77,0.00,35.21,37.00,39.26
2011-12-13,2836.17,31.77,0.00,35.16,37.00,39.26
2011-12-14,2757.90,31.30,0.00,35.15,36.99,39.26
2011-12-15,2720.68,30.64,0.00,35.09,36.98,39.26
2011-12-16,2654.35,31.38,2.15,35.03,36.96,39.26
2011-12-19,2718.43,31.42,3.19,34.98,36.94,39.25
2011-12-20,2717.11,31.31,2.11,34.90,36.91,39.25
2011-12-21,2708.55,30.78,1.04,34.75,36.82,39.25
2011-12-22,2656.21,30.22,0.00,34.69,36.73,39.17
2011-12-23,2641.15,30.40,1.02,34.63,36.70,39.10
2011-12-26,2662.01,30.27,1.01,34.54,36.67,39.02
2011-12-27,2639.32,29.59,0.00,34.36,36.65,38.95
2011-12-28,2589.55,29.21,0.00,33.99,36.63,38.87
2011-12-29,2584.89,29.21,0.00,33.97,36.62,38.83
2011-12-30,2587.59,29.72,2.91,33.79,36.60,38.79
2012-01-04,2629.35,29.26,1.92,33.59,36.52,38.74
2012-01-05,2571.95,27.96,0.00,33.47,36.44,38.70
2012-01-06,2513.70,27.88,0.00,33.46,36.44,38.66
2012-01-09,2527.25,29.04,1.87,33.39,36.44,38.64
2012-01-10,2619.64,30.14,7.41,33.35,36.35,38.63
2012-01-11,2713.53,29.98,7.34,33.28,36.26,38.61
2012-01-12,2707.80,29.84,7.27,33.11,36.21,38.60
2012-01-13,2706.03,28.62,1.80,32.77,36.16,38.58
2012-01-16,2638.11,27.49,0.00,31.97,36.15,38.54
2012-01-17,2570.84,29.00,3.54,31.56,36.14,38.50
2012-01-18,2701.59,28.04,2.63,31.40,36.13,38.47
2012-01-19,2650.58,28.41,3.48,31.37,36.12,38.43
2012-01-20,2690.35,28.79,5.17,31.31,36.08,38.39
2012-01-30,2728.34,28.67,5.13,31.30,36.04,38.38
2012-01-31,2694.40,28.66,5.08,30.99,36.02,38.37
2012-02-01,2697.42,28.47,4.20,30.72,36.01,38.36
2012-02-02,2667.52,29.01,9.17,30.59,35.97,38.35
2012-02-03,2725.67,29.63,14.05,30.40,35.92,38.34
2012-02-06,2757.06,29.84,16.39,30.30,35.90,38.33
2012-02-07,2766.55,29.45,13.01,30.24,35.88,38.31
2012-02-08,2717.70,30.15,19.35,30.19,35.80,38.30
2012-02-09,2792.75,30.44,22.40,30.21,35.71,38.28
2012-02-10,2802.28,30.57,23.02,30.22,35.67,38.27
2012-02-13,2811.14,30.86,25.20,30.23,35.63,38.26
2012-02-14,2822.69,30.97,25.78,30.24,35.62,38.26
2012-02-15,2817.06,31.34,27.91,30.25,35.61,38.25
2012-02-16,2853.77,31.27,26.15,30.26,35.59,38.25
2012-02-17,2845.04,31.18,25.95,30.27,35.56,38.24
2012-02-20,2841.68,31.38,30.30,30.30,35.55,38.23
2012-02-21,2847.06,31.75,31.58,30.32,35.53,38.23
2012-02-22,2875.49,32.40,32.84,30.35,35.45,38.22
2012-02-23,2922.19,32.56,33.33,30.37,35.38,38.22
2012-02-24,2931.25,32.73,33.82,30.40,35.38,38.21
2012-02-27,2974.59,32.76,34.31,30.41,35.37,38.18
2012-02-28,2982.53,32.52,32.61,30.42,35.31,38.15
2012-02-29,2977.76,32.05,31.65,30.42,35.25,38.11
2012-03-01,2943.45,32.23,32.14,30.43,35.25,38.08
2012-03-02,2950.12,32.69,34.75,30.44,35.24,38.05
2012-03-05,3004.72,32.74,35.92,30.47,35.20,38.05
2012-03-06,2996.01,32.63,34.27,30.49,35.16,38.04
2012-03-07,2957.48,32.31,31.94,30.52,35.16,38.04
2012-03-08,2938.74,32.92,38.62,30.54,35.15,38.03
2012-03-09,2978.28,33.57,42.47,30.57,35.11,38.03
2012-03-12,3015.74,33.74,43.54,30.58,35.07,38.01
2012-03-13,3017.15,34.03,45.27,30.60,35.04,37.98
2012-03-14,3047.04,32.91,37.58,30.61,35.01,37.96
2012-03-15,2939.65,32.47,32.00,30.63,34.97,37.93
2012-03-16,2912.91,33.34,39.74,30.64,34.94,37.91
2012-03-19,2969.03,33.72,44.08,30.67,34.84,37.90
2012-03-20,2990.09,32.88,37.25,30.70,34.75,37.89
2012-03-21,2932.54,32.91,37.66,30.72,34.72,37.88
2012-03-22,2938.38,32.79,36.77,30.75,34.68,37.87
2012-03-23,2931.92,32.40,30.13,30.78,34.64,37.86
2012-03-26,2887.49,32.56,32.48,30.80,34.60,37.86
2012-03-27,2886.87,32.41,31.01,30.81,34.53,37.86
2012-03-28,2877.95,30.88,20.75,30.83,34.45,37.86
2012-03-29,2776.02,30.25,16.25,30.75,34.24,37.86
2012-03-30,2733.41,29.91,13.66,30.64,34.03,37.86
2012-04-05,2737.20,30.86,20.99,30.67,34.01,37.84
2012-04-06,2811.07,31.19,23.93,30.70,33.99,37.82
2012-04-09,2824.33,31.02,23.17,30.72,33.98,37.80
2012-04-10,2794.77,31.30,25.45,30.75,33.97,37.78
2012-04-11,2823.86,31.31,26.51,30.78,33.86,37.76
2012-04-12,2829.66,31.95,31.14,30.80,33.74,37.75
2012-04-13,2886.76,32.02,31.55,30.81,33.73,37.74
2012-04-16,2903.38,32.01,31.36,30.83,33.72,37.74
2012-04-17,2902.52,31.65,29.41,30.84,33.70,37.73
2012-04-18,2864.53,32.45,36.26,30.86,33.67,37.72
2012-04-19,2929.28,32.40,34.30,30.86,33.62,37.68
2012-04-20,2924.67,32.50,37.57,30.86,33.57,37.64
2012-04-23,2954.36,31.63,28.74,30.86,33.52,37.60
2012-04-24,2922.33,31.55,28.57,30.86,33.47,37.56
2012-04-25,2911.87,31.50,28.41,30.86,33.47,37.52
2012-04-26,2943.04,31.62,29.38,30.86,33.46,37.48
2012-04-27,2940.10,31.66,30.90,30.87,33.41,37.45
2012-05-02,2926.84,32.20,34.64,30.87,33.37,37.41
2012-05-03,2979.69,32.30,35.56,30.88,33.36,37.38
2012-05-04,2990.60,32.53,40.88,30.88,33.34,37.34
2012-05-07,3015.88,32.88,46.15,30.90,33.34,37.33
2012-05-08,3026.91,32.84,45.90,30.92,33.34,37.33
2012-05-09,3021.79,32.33,35.87,30.93,33.27,37.32
2012-05-10,2967.80,32.39,36.22,30.95,33.20,37.32
2012-05-11,2972.47,32.20,33.33,30.97,33.06,37.31
2012-05-14,2952.36,32.09,33.16,30.98,32.92,37.30
2012-05-15,2936.58,32.23,35.11,30.99,32.91,37.30
2012-05-16,2934.81,31.89,30.69,31.00,32.91,37.29
2012-05-17,2893.03,32.27,35.79,31.01,32.91,37.29
2012-05-18,2936.01,31.77,29.84,31.02,32.91,37.28
2012-05-21,2890.43,31.74,29.17,31.05,32.89,37.28
2012-05-22,2896.94,32.04,33.16,31.08,32.88,37.27
2012-05-23,2940.53,31.78,30.93,31.12,32.88,37.27
2012-05-24,2931.78,31.69,28.72,31.15,32.88,37.26
2012-05-25,2908.34,31.10,19.90,31.10,32.86,37.26
2012-05-28,2879.71,31.43,25.89,31.12,32.84,37.24
2012-05-29,2922.59,32.03,34.34,31.13,32.81,37.21
2012-05-30,2965.03,32.04,34.67,31.15,32.79,37.19
2012-05-31,2962.26,32.22,37.50,31.16,32.78,37.16
2012-06-01,2957.27,32.33,40.30,31.18,32.77,37.14
2012-06-04,2955.83,31.20,20.79,31.18,32.77,37.13
2012-06-05,2867.40,31.16,19.70,31.17,32.76,37.13
2012-06-06,2866.42,31.07,19.12,31.14,32.75,37.12
2012-06-07,2861.28,30.99,18.54,31.09,32.74,37.12
2012-06-08,2845.28,30.71,16.02,31.07,32.73,37.11
2012-06-11,2828.70,31.34,25.12,31.08,32.73,37.10
2012-06-12,2871.92,31.20,22.12,31.08,32.71,37.10
2012-06-13,2854.21,31.77,33.49,31.09,32.69,37.09
2012-06-14,2902.56,31.74,31.43,31.09,32.66,37.09
2012-06-15,2882.04,31.77,32.70,31.10,32.63,37.08
2012-06-18,2887.46,32.29,41.98,31.11,32.59,37.07
2012-06-19,2908.23,32.03,36.62,31.12,32.56,37.06
2012-06-20,2886.11,32.38,44.39,31.14,32.56,37.04
2012-06-21,2877.22,31.72,30.70,31.15,32.56,37.03
2012-06-25,2835.27,31.11,19.91,31.11,32.55,37.02
2012-06-26,2769.36,31.19,21.20,31.12,32.53,37.02
2012-06-27,2766.75,31.27,22.94,31.13,32.53,37.01
2012-06-28,2758.89,30.92,17.35,31.11,32.52,37.01
2012-06-29,2729.54,31.29,24.09,31.11,32.51,37.00
2012-07-02,2767.83,31.25,23.08,31.11,32.50,37.00
2012-07-03,2783.99,31.56,30.18,31.12,32.48,37.00
2012-07-04,2789.57,31.33,26.46,31.13,32.47,37.00
2012-07-05,2781.86,30.73,15.18,31.11,32.46,36.99
2012-07-06,2733.35,31.20,22.22,31.11,32.45,36.99
2012-07-09,2783.10,30.49,13.72,31.10,32.43,36.99
2012-07-10,2717.87,30.11,10.57,31.08,32.41,36.98
2012-07-11,2699.77,30.38,13.16,31.04,32.41,36.98
2012-07-12,2722.60,30.79,17.03,31.01,32.40,36.97
2012-07-13,2753.28,30.47,14.35,30.99,32.40,36.97
2012-07-16,2747.58,29.17,5.63,30.97,32.40,36.96
2012-07-17,2669.99,29.40,7.33,30.93,32.40,36.95
2012-07-18,2687.48,29.67,9.01,30.90,32.40,36.94
2012-07-19,2695.35,30.11,11.54,30.87,32.39,36.93
2012-07-20,2715.88,29.93,11.06,30.86,32.39,36.92
2012-07-23,2692.55,29.77,9.75,30.86,32.39,36.91
2012-07-24,2660.15,29.84,10.97,30.80,32.38,36.87
2012-07-25,2675.53,29.72,9.24,30.78,32.36,36.84
2012-07-26,2656.74,29.50,7.95,30.76,32.33,36.80
2012-07-27,2638.34,29.28,7.08,30.73,32.33,36.77
2012-07-30,2632.71,28.70,3.73,30.71,32.33,36.73
2012-07-31,2600.72,28.13,1.65,30.65,32.32,36.72
2012-08-01,2580.40,28.55,2.88,30.60,32.31,36.71
2012-08-02,2615.48,28.41,2.05,30.54,32.30,36.69
2012-08-03,2593.60,29.04,6.53,30.49,32.30,36.68
2012-08-06,2628.53,29.77,13.01,30.47,32.30,36.67
2012-08-07,2675.80,29.89,14.57,30.45,32.29,36.66
2012-08-08,2689.00,29.60,10.89,30.42,32.28,36.65
2012-08-09,2686.01,30.16,18.07,30.39,32.27,36.65
2012-08-10,2716.33,30.31,19.60,30.37,32.25,36.64
2012-08-13,2706.73,29.71,11.95,30.31,32.23,36.63
2012-08-14,2651.26,30.01,16.67,30.28,32.23,36.62
2012-08-15,2664.73,29.63,11.07,30.26,32.23,36.62
2012-08-16,2636.57,29.43,9.45,30.24,32.22,36.61
2012-08-17,2620.76,29.55,10.59,30.21,32.22,36.61
2012-08-20,2617.06,29.63,11.72,30.16,32.21,36.60
2012-08-21,2612.80,29.91,16.73,30.15,32.20,36.57
2012-08-22,2637.70,29.93,17.44,30.14,32.20,36.54
2012-08-23,2617.65,30.23,21.24,30.15,32.20,36.50
2012-08-24,2629.53,29.69,13.08,30.13,32.15,36.47
2012-08-27,2589.80,28.94,5.36,30.11,32.09,36.44
2012-08-28,2533.08,29.29,9.16,30.11,32.07,36.44
2012-08-29,2546.60,29.27,8.75,30.05,32.05,36.44
2012-08-30,2525.71,28.56,3.41,30.00,32.05,36.44
2012-08-31,2504.94,28.81,5.66,29.97,32.04,36.44
2012-09-03,2504.76,29.37,10.53,29.93,32.04,36.44
2012-09-04,2539.72,29.15,7.87,29.93,32.04,36.40
2012-09-05,2514.30,29.45,12.31,29.92,32.03,36.37
2012-09-06,2518.50,29.91,19.33,29.91,32.03,36.33
2012-09-07,2542.34,30.75,28.89,29.91,32.03,36.30
2012-09-10,2644.54,30.99,31.73,29.91,32.03,36.26
2012-09-11,2661.06,31.05,32.72,29.91,32.03,36.24
2012-09-12,2647.72,31.17,34.43,29.92,32.02,36.22
2012-09-13,2661.14,30.68,27.74,29.92,32.02,36.20
2012-09-14,2630.40,30.51,26.91,29.93,32.01,36.18
2012-09-17,2642.74,29.63,14.86,29.91,31.98,36.16
2012-09-18,2572.49,29.58,13.00,29.91,31.95,36.16
2012-09-19,2553.31,29.79,17.99,29.91,31.92,36.15
2012-09-20,2570.36,28.70,4.66,29.90,31.89,36.15
2012-09-21,2503.59,28.53,2.86,29.88,31.84,36.14
2012-09-24,2497.76,28.91,6.41,29.84,31.78,36.14
2012-09-25,2515.74,28.57,3.90,29.84,31.77,36.14
2012-09-26,2504.28,27.73,0.35,29.84,31.77,36.13
2012-09-27,2461.83,28.13,2.11,29.82,31.77,36.13
2012-09-28,2528.33,28.84,7.37,29.79,31.77,36.12
2012-10-08,2574.14,28.90,7.69,29.77,31.77,36.12
2012-10-09,2556.07,29.77,19.51,29.77,31.77,36.10
2012-10-10,2617.14,30.02,24.65,29.77,31.77,36.09
2012-10-11,2631.23,29.53,14.88,29.77,31.77,36.07
2012-10-12,2600.44,29.55,15.17,29.76,31.76,36.06
2012-10-15,2599.43,29.09,9.97,29.72,31.75,36.04
2012-10-16,2586.19,29.33,13.01,29.72,31.74,36.03
2012-10-17,2592.09,29.35,13.31,29.71,31.74,36.03
2012-10-18,2596.88,29.64,19.05,29.70,31.74,36.02
2012-10-19,2638.11,29.59,16.95,29.69,31.74,36.02
2012-10-22,2632.66,29.52,15.54,29.67,31.73,36.01
2012-10-23,2643.57,29.38,13.80,29.65,31.72,35.99
2012-10-24,2612.12,29.14,10.07,29.63,31.70,35.97
2012-10-25,2607.51,29.11,10.03,29.63,31.69,35.96
2012-10-26,2585.73,28.63,5.00,29.63,31.68,35.94
2012-10-29,2535.05,29.13,10.63,29.63,31.66,35.92
2012-10-30,2525.49,29.10,10.26,29.63,31.66,35.91
2012-10-31,2529.28,29.13,10.89,29.61,31.65,35.90
2012-11-01,2542.54,29.60,19.74,29.60,31.64,35.90
2012-11-02,2589.82,29.54,18.03,29.60,31.63,35.89
2012-11-05,2601.47,29.41,16.01,29.59,31.62,35.88
2012-11-06,2593.90,29.26,13.03,29.59,31.62,35.85
2012-11-07,2579.62,29.21,12.99,29.58,31.59,35.81
2012-11-08,2575.57,28.66,5.18,29.57,31.56,35.78
2012-11-09,2521.68,28.66,5.16,29.55,31.55,35.74
2012-11-12,2515.23,28.79,7.07,29.55,31.55,35.71
2012-11-13,2529.77,28.35,2.24,29.54,31.52,35.69
2012-11-14,2482.91,28.31,2.24,29.53,31.50,35.68
2012-11-15,2491.71,27.88,0.64,29.53,31.46,35.66
2012-11-16,2454.24,27.62,0.32,29.52,31.43,35.65
2012-11-19,2437.33,27.74,0.95,29.50,31.43,35.63
2012-11-20,2439.70,27.66,0.63,29.46,31.42,35.63
2012-11-21,2430.18,27.96,2.52,29.45,31.40,35.62
2012-11-22,2460.38,27.65,0.63,29.44,31.38,35.62
2012-11-23,2436.54,27.68,1.25,29.43,31.38,35.61
2012-11-26,2449.26,27.33,0.00,29.41,31.38,35.61
2012-11-27,2425.89,26.16,0.00,29.40,31.36,35.60
2012-11-28,2372.31,25.72,0.00,29.39,31.34,35.59
2012-11-29,2336.53,25.35,0.00,29.38,31.34,35.58
2012-11-30,2318.07,25.65,0.31,29.37,31.34,35.57
2012-12-03,2346.82,24.96,0.00,29.35,31.34,35.56
2012-12-04,2303.79,25.28,0.31,29.33,31.33,35.55
2012-12-05,2330.01,26.23,1.83,29.31,31.32,35.55
2012-12-06,2414.62,26.24,2.13,29.29,31.31,35.54
2012-12-07,2411.41,26.85,2.42,29.28,31.31,35.54
2012-12-10,2461.65,27.35,3.02,29.27,31.31,35.53
2012-12-11,2494.75,27.16,2.71,29.26,31.30,35.50
2012-12-12,2479.56,27.08,2.70,29.26,31.30,35.47
2012-12-13,2485.39,26.86,2.69,29.24,31.30,35.44
2012-12-14,2455.78,27.80,6.27,29.21,31.30,35.41
2012-12-17,2569.54,27.82,6.55,29.21,31.30,35.38
2012-12-18,2583.26,27.85,6.82,29.21,31.29,35.38
2012-12-19,2581.45,27.99,8.28,29.19,31.28,35.38
2012-12-20,2587.89,28.09,8.85,29.16,31.27,35.37
2012-12-21,2600.04,28.22,9.71,29.15,31.27,35.37
2012-12-24,2591.21,28.53,11.44,29.14,31.27,35.37
2012-12-25,2604.32,29.19,20.76,29.14,31.26,35.35
2012-12-26,2672.23,29.60,28.57,29.14,31.25,35.32
2012-12-27,2693.84,29.24,21.80,29.15,31.23,35.30
2012-12-28,2675.28,29.63,30.72,29.15,31.20,35.27
2012-12-31,2710.57,29.86,34.68,29.15,31.20,35.25
2013-01-04,2749.85,29.50,25.94,29.15,31.20,35.25
2013-01-07,2745.76,29.92,36.21,29.16,31.20,35.25
2013-01-08,2766.23,30.34,40.69,29.16,31.20,35.24
2013-01-09,2773.17,30.36,40.86,29.17,31.20,35.24
2013-01-10,2775.96,30.50,42.45,29.17,31.19,35.24
2013-01-11,2786.28,29.79,33.24,29.17,31.19,35.22
2013-01-14,2729.87,30.95,46.46,29.18,31.19,35.21
2013-01-15,2829.59,31.61,56.21,29.18,31.19,35.19
2013-01-16,2862.97,31.73,58.03,29.19,31.19,35.18
2013-01-17,2849.66,31.16,48.60,29.19,31.19,35.16
2013-01-18,2820.92,31.67,57.42,29.19,31.19,35.16
2013-01-21,2867.30,31.87,60.61,29.20,31.20,35.16
2013-01-22,2886.80,31.18,49.03,29.20,31.19,35.15
2013-01-23,2857.39,31.44,55.00,29.21,31.20,35.15
2013-01-24,2866.98,30.71,42.94,29.21,31.19,35.15
2013-01-25,2824.58,30.78,43.92,29.21,31.19,35.13
2013-01-28,2815.89,31.61,56.20,29.21,31.19,35.12
2013-01-29,2896.96,31.86,60.99,29.21,31.20,35.10
2013-01-30,2923.65,31.70,58.08,29.21,31.20,35.09
2013-01-31,2935.02,31.42,54.10,29.21,31.20,35.07
2013-02-01,2926.96,31.69,57.77,29.21,31.20,35.06
2013-02-04,2971.19,31.37,53.26,29.21,31.20,35.05
2013-02-05,2965.34,31.61,55.83,29.21,31.20,35.03
2013-02-06,2992.20,31.89,61.89,29.21,31.23,35.02
2013-02-07,3002.05,31.99,62.53,29.21,31.25,35.01
2013-02-08,2996.61,32.43,69.35,29.22,31.26,35.00
2013-02-18,3021.59,32.71,71.85,29.22,31.27,34.98
2013-02-19,3008.43,32.25,65.78,29.23,31.27,34.97
2013-02-20,2954.18,32.96,74.93,29.23,31.27,34.95
2013-02-21,2989.72,32.56,70.48,29.24,31.28,34.94
2013-02-22,2906.31,32.33,67.11,29.24,31.29,34.90
2013-02-25,2894.49,32.65,71.43,29.25,31.30,34.86
2013-02-26,2913.19,32.23,64.91,29.25,31.30,34.83
2013-02-27,2872.45,32.15,63.42,29.26,31.30,34.79
2013-02-28,2890.58,32.77,72.97,29.26,31.30,34.75
2013-03-01,2965.17,33.27,75.65,29.26,31.30,34.74
2013-03-04,2978.11,32.31,65.80,29.26,31.31,34.72
2013-03-05,2857.57,32.94,75.00,29.26,31.31,34.71
2013-03-06,2934.54,33.44,76.62,29.26,31.31,34.69
2013-03-07,2972.80,33.05,75.13,29.26,31.32,34.68
2013-03-08,2938.91,32.83,72.87,29.26,31.33,34.66
2013-03-11,2918.76,32.91,73.71,29.26,31.34,34.65
2013-03-12,2909.62,31.96,59.64,29.27,31.34,34.63
2013-03-13,2854.86,31.66,54.36,29.27,31.34,34.62
2013-03-14,2826.39,31.70,55.50,29.27,31.34,34.60
2013-03-15,2835.13,31.92,59.44,29.27,31.36,34.57
2013-03-18,2840.83,31.60,52.42,29.27,31.37,34.54
2013-03-19,2802.65,31.69,54.82,29.28,31.38,34.51
2013-03-20,2819.67,32.54,69.62,29.28,31.38,34.48
2013-03-21,2904.72,32.90,73.99,29.28,31.38,34.45
2013-03-22,2921.36,33.01,75.57,29.28,31.38,34.37
2013-03-25,2927.39,32.80,72.61,29.28,31.40,34.28
2013-03-26,2923.44,32.66,70.43,29.29,31.42,34.20
2013-03-27,2890.98,32.81,72.75,29.29,31.42,34.11
2013-03-28,2899.80,31.95,58.85,29.29,31.42,34.03
2013-03-29,2810.36,32.21,62.44,29.30,31.43,34.02
2013-04-01,2807.68,32.56,68.98,29.31,31.43,34.01
2013-04-02,2814.73,32.20,62.13,29.31,31.44,34.01
2013-04-03,2793.55,31.87,57.28,29.32,31.44,34.00
2013-04-08,2780.52,32.18,61.58,29.33,31.47,33.99
2013-04-09,2778.86,32.36,65.85,29.33,31.50,33.99
2013-04-10,2800.91,32.16,61.27,29.34,31.52,33.98
2013-04-11,2794.06,32.05,60.39,29.34,31.55,33.98
2013-04-12,2785.08,31.82,56.34,29.35,31.55,33.97
2013-04-15,2765.45,31.59,50.12,29.35,31.56,33.97
2013-04-16,2733.45,32.11,61.17,29.35,31.57,33.92
2013-04-17,2759.70,32.49,68.52,29.36,31.59,33.88
2013-04-18,2770.14,32.61,70.53,29.36,31.59,33.83
2013-04-19,2777.63,33.20,76.87,29.37,31.60,33.79
2013-04-22,2845.67,33.29,77.40,29.37,31.61,33.74
2013-04-23,2851.75,32.21,62.11,29.37,31.61,33.74
2013-04-24,2766.06,33.02,76.32,29.37,31.61,33.73
2013-04-25,2820.86,32.45,67.30,29.38,31.61,33.73
2013-04-26,2783.02,31.52,48.57,29.38,31.61,33.72
2013-05-02,2747.91,31.30,44.89,29.38,31.61,33.72
2013-05-03,2756.81,31.94,57.11,29.38,31.61,33.71
2013-05-06,2807.88,32.53,69.03,29.39,31.61,33.70
2013-05-07,2850.84,32.45,67.22,29.39,31.61,33.69
2013-05-08,2856.48,33.07,76.94,29.40,31.61,33.68
2013-05-09,2876.90,33.16,77.00,29.40,31.62,33.67
2013-05-10,2869.45,33.50,79.39,29.40,31.62,33.65
2013-05-13,2885.84,33.61,79.67,29.40,31.62,33.65
2013-05-14,2885.67,33.11,76.46,29.41,31.63,33.63
2013-05-15,2847.50,33.68,80.00,29.41,31.64,33.67
2013-05-16,2873.60,33.78,80.51,29.41,31.65,33.68
2013-05-17,2913.58,34.38,81.25,29.41,31.66,33.71
2013-05-20,2956.85,35.07,82.68,29.42,31.66,33.73
2013-05-21,2987.07,35.56,84.79,29.42,31.66,33.76
2013-05-22,3007.96,35.07,82.30,29.43,31.66,33.82
2013-05-23,2996.78,34.92,81.65,29.43,31.66,33.97
2013-05-24,2965.26,35.48,84.21,29.43,31.67,33.99
2013-05-27,2994.76,35.91,85.84,29.44,31.68,34.01
2013-05-28,3009.88,35.30,83.37,29.44,31.69,34.17
2013-05-29,3035.99,35.82,85.45,29.45,31.69,34.39
2013-05-30,3044.28,35.89,85.71,29.45,31.69,34.45
2013-05-31,3042.46,35.80,85.07,29.45,31.69,34.57
2013-06-03,3017.23,35.40,83.30,29.45,31.69,34.65
2013-06-04,3004.29,34.61,79.73,29.45,31.70,34.64
2013-06-05,2953.44,34.72,80.00,29.45,31.70,34.69
2013-06-06,2956.44,34.14,78.70,29.45,31.70,34.68
2013-06-07,2913.96,33.74,77.40,29.46,31.70,34.67
2013-06-13,2865.33,32.86,70.31,29.47,31.71,34.65
2013-06-14,2777.61,33.50,75.95,29.48,31.72,34.64
2013-06-17,2813.83,33.67,76.67,29.49,31.73,34.62
2013-06-18,2810.44,33.56,76.05,29.50,31.73,34.61
2013-06-19,2823.22,33.46,75.00,29.50,31.73,34.61
2013-06-20,2805.03,32.27,59.38,29.50,31.74,34.61
2013-06-21,2713.98,31.88,52.42,29.50,31.74,34.60
2013-06-24,2704.65,30.14,29.67,29.50,31.74,34.60
2013-06-25,2537.95,30.10,29.17,29.50,31.73,34.60
2013-06-26,2530.91,30.91,36.54,29.50,31.73,34.57
2013-06-27,2558.25,29.99,28.60,29.51,31.73,34.54
2013-06-28,2534.05,30.04,29.19,29.51,31.72,34.51
2013-07-01,2557.20,30.85,36.09,29.52,31.71,34.48
2013-07-02,2590.97,31.38,44.25,29.52,31.70,34.45
2013-07-03,2617.39,31.18,40.26,29.52,31.70,34.44
2013-07-04,2607.74,31.46,45.79,29.52,31.70,34.42
2013-07-05,2626.45,31.31,43.32,29.53,31.70,34.41
2013-07-08,2620.47,29.90,26.67,29.53,31.69,34.39
2013-07-09,2535.79,29.94,28.11,29.53,31.69,34.38
2013-07-10,2543.03,30.82,35.97,29.53,31.69,34.33
2013-07-11,2615.20,31.64,48.72,29.53,31.69,34.28
2013-07-12,2710.37,31.54,46.70,29.54,31.69,34.24
2013-07-15,2671.82,32.37,62.77,29.54,31.69,34.19
2013-07-16,2719.19,32.79,69.64,29.54,31.69,34.14
2013-07-17,2739.98,32.60,67.16,29.54,31.69,34.12
2013-07-18,2700.01,32.56,66.17,29.54,31.69,34.10
2013-07-19,2675.37,32.03,55.70,29.55,31.70,34.07
2013-07-22,2613.58,32.56,66.11,29.55,31.70,34.05
2013-07-23,2645.86,33.30,75.21,29.55,31.70,34.03
2013-07-24,2716.08,33.77,79.04,29.55,31.70,34.02
2013-07-25,2715.14,33.01,72.80,29.55,31.71,34.01
2013-07-26,2681.40,33.05,73.49,29.55,31.72,34.01
2013-07-29,2672.79,32.56,65.42,29.55,31.73,34.00
2013-07-30,2619.84,32.44,63.20,29.55,31.73,33.99
2013-07-31,2623.50,32.64,67.43,29.56,31.73,33.99
2013-08-01,2632.49,33.66,77.85,29.56,31.74,33.98
2013-08-02,2701.69,33.61,77.48,29.57,31.74,33.98
2013-08-05,2707.50,34.36,80.41,29.57,31.74,34.00
2013-08-06,2747.29,34.63,81.28,29.58,31.74,34.03
2013-08-07,2770.21,34.20,80.08,29.58,31.75,34.12
2013-08-08,2747.08,34.39,80.53,29.58,31.76,34.18
2013-08-09,2749.01,34.58,80.78,29.59,31.77,34.26
2013-08-12,2757.32,34.81,82.04,29.59,31.77,34.36
2013-08-13,2815.57,35.19,83.71,29.59,31.77,34.38
2013-08-14,2828.36,34.99,82.32,29.59,31.77,34.39
2013-08-15,2819.04,34.75,81.34,29.59,31.77,34.43
2013-08-16,2786.78,33.93,78.14,29.59,31.77,34.41
2013-08-19,2747.39,34.54,80.00,29.59,31.77,34.47
2013-08-20,2789.96,34.49,79.84,29.59,31.77,34.49
2013-08-21,2778.13,34.95,82.29,29.59,31.78,34.53
2013-08-22,2784.15,35.08,83.33,29.59,31.80,34.56
2013-08-23,2785.15,34.84,81.56,29.60,31.82,34.59
2013-08-26,2773.28,35.58,86.00,29.60,31.84,34.60
2013-08-27,2830.99,35.75,86.63,29.60,31.86,34.61
2013-08-28,2845.87,35.25,83.86,29.60,31.87,34.63
2013-08-29,2825.69,35.21,83.50,29.60,31.87,34.66
2013-08-30,2819.86,34.11,77.38,29.60,31.87,34.65
2013-09-02,2799.24,34.66,79.80,29.60,31.87,34.66
2013-09-03,2812.89,35.16,83.00,29.60,31.88,34.68
2013-09-04,2855.01,35.22,83.63,29.60,31.88,34.71
2013-09-05,2855.86,35.09,82.48,29.60,31.88,34.74
2013-09-06,2855.10,35.38,84.68,29.60,31.89,34.75
2013-09-09,2876.20,35.49,85.29,29.60,31.89,34.76
2013-09-10,2939.44,35.80,87.08,29.60,31.89,34.81
2013-09-11,2971.76,35.47,84.77,29.61,31.91,34.83
2013-09-12,2961.37,35.44,84.60,29.61,31.92,34.89
2013-09-13,2979.32,35.66,86.38,29.62,31.93,34.93
2013-09-16,2972.44,35.75,86.60,29.62,31.94,34.94
2013-09-17,2972.23,35.27,83.14,29.63,31.95,34.95
2013-09-18,2917.22,35.51,84.91,29.63,31.95,34.98
2013-09-23,2933.50,36.15,89.00,29.63,31.95,35.00
2013-09-24,2987.09,36.39,89.40,29.63,31.95,35.03
2013-09-25,2972.43,36.13,88.46,29.63,31.95,35.07
2013-09-26,2956.96,35.69,85.80,29.63,31.96,35.07
2013-09-27,2902.39,35.76,86.40,29.63,31.98,35.07
2013-09-30,2913.18,36.26,89.10,29.63,31.99,35.08
2013-10-08,2942.85,36.81,90.65,29.63,32.00,35.08
2013-10-09,2987.54,37.02,91.43,29.63,32.01,35.10
2013-10-10,3013.55,36.73,90.11,29.63,32.02,35.15
2013-10-11,2987.01,37.20,92.22,29.63,32.02,35.16
2013-10-14,3033.06,37.20,92.05,29.63,32.03,35.16
2013-10-15,3051.61,37.22,92.25,29.63,32.03,35.17
2013-10-16,3048.28,36.31,88.30,29.63,32.03,35.19
2013-10-17,2976.25,36.40,88.51,29.63,32.03,35.21
2013-10-18,2969.99,36.42,88.53,29.63,32.03,35.22
2013-10-21,2986.39,37.55,93.25,29.63,32.03,35.23
2013-10-22,3051.97,37.14,91.57,29.63,32.03,35.24
2013-10-23,3019.58,36.20,87.10,29.63,32.04,35.25
2013-10-24,2965.48,36.07,86.01,29.63,32.04,35.25
2013-10-25,2944.28,35.27,79.89,29.63,32.04,35.27
2013-10-28,2897.50,35.30,80.30,29.63,32.05,35.27
2013-10-29,2893.30,34.50,73.84,29.64,32.05,35.27
2013-10-30,2860.94,34.89,76.11,29.64,32.05,35.27
2013-10-31,2905.02,34.69,75.05,29.64,32.05,35.27
2013-11-01,2865.65,34.43,73.06,29.65,32.07,35.27
2013-11-04,2866.14,34.44,73.11,29.65,32.09,35.26
2013-11-05,2871.91,34.74,75.37,29.66,32.10,35.26
2013-11-06,2893.99,34.62,74.31,29.66,32.11,35.25
2013-11-07,2862.25,34.08,71.43,29.67,32.13,35.25
2013-11-08,2835.46,33.38,67.09,29.67,32.15,35.25
2013-11-11,2795.86,33.94,70.80,29.68,32.16,35.25
2013-11-12,2808.51,34.44,72.86,29.68,32.16,35.25
2013-11-13,2836.47,33.91,70.36,29.69,32.17,35.25
2013-11-14,2779.22,34.63,74.59,29.69,32.18,35.25
2013-11-15,2809.20,35.22,79.35,29.69,32.19,35.25
2013-11-18,2865.32,36.03,86.08,29.70,32.20,35.25
2013-11-19,2946.82,36.24,87.55,29.70,32.20,35.26
2013-11-20,2941.95,36.41,88.47,29.71,32.20,35.27
2013-11-21,2962.50,36.16,87.05,29.71,32.20,35.27
2013-11-22,2949.04,36.08,86.00,29.71,32.20,35.29
2013-11-25,2935.14,36.28,87.81,29.71,32.20,35.30
2013-11-26,2929.89,36.41,88.55,29.72,32.21,35.33
2013-11-27,2933.35,36.75,90.00,29.72,32.21,35.37
2013-11-28,2968.90,37.00,90.73,29.72,32.21,35.38
2013-11-29,2995.76,37.48,93.24,29.72,32.22,35.38
2013-12-02,3008.75,35.66,82.06,29.72,32.22,35.39
2013-12-03,2918.93,36.12,85.28,29.72,32.22,35.42
2013-12-04,2960.49,36.65,89.03,29.72,32.23,35.45
2013-12-05,3000.60,36.86,89.93,29.72,32.23,35.47
2013-12-06,2991.01,36.63,88.54,29.73,32.23,35.48
2013-12-09,2977.32,37.17,91.90,29.74,32.23,35.49
2013-12-10,2991.35,37.12,91.39,29.75,32.23,35.50
2013-12-11,2993.84,36.74,89.12,29.76,32.24,35.51
2013-12-12,2955.24,37.10,91.07,29.77,32.25,35.53
2013-12-13,2962.43,37.29,92.83,29.77,32.26,35.55
2013-12-16,2964.94,36.86,89.35,29.77,32.27,35.56
2013-12-17,2920.04,36.48,87.28,29.77,32.27,35.57
2013-12-18,2903.89,36.42,86.61,29.77,32.27,35.59
2013-12-19,2902.26,36.05,83.16,29.77,32.28,35.61
2013-12-20,2874.12,35.60,79.72,29.77,32.29,35.61
2013-12-23,2823.69,35.77,81.31,29.77,32.30,35.62
2013-12-24,2823.99,35.96,82.56,29.77,32.30,35.64
2013-12-25,2838.26,36.92,89.66,29.77,32.30,35.66
2013-12-26,2868.54,36.36,85.71,29.77,32.31,35.66
2013-12-27,2819.03,37.16,91.75,29.77,32.31,35.68
2013-12-30,2866.68,37.31,92.97,29.78,32.31,35.70
2013-12-31,2871.45,37.27,92.47,29.78,32.32,35.73
2014-01-02,2893.21,37.90,94.53,29.79,32.33,35.75
2014-01-03,2900.63,37.74,93.86,29.79,32.33,35.75
2014-01-06,2874.32,36.72,87.39,29.79,32.33,35.76
2014-01-07,2803.29,37.22,91.67,29.79,32.33,35.77
2014-01-08,2814.10,37.32,92.87,29.79,32.33,35.78
2014-01-09,2825.82,36.75,87.63,29.79,32.34,35.80
2014-01-10,2793.50,36.11,82.06,29.79,32.36,35.80
2014-01-13,2758.99,36.12,82.43,29.80,32.36,35.82
2014-01-14,2748.42,36.81,88.03,29.81,32.37,35.86
2014-01-15,2788.85,37.01,89.39,29.82,32.38,35.88
2014-01-16,2797.39,37.14,90.42,29.83,32.38,35.89
2014-01-17,2798.91,36.63,85.74,29.84,32.39,35.91
2014-01-20,2764.64,36.53,85.43,29.84,32.39,35.92
2014-01-21,2746.05,36.96,88.46,29.84,32.39,35.94
2014-01-22,2781.52,37.61,93.66,29.84,32.40,35.98
2014-01-23,2849.94,37.85,94.17,29.84,32.40,36.01
2014-01-24,2854.23,38.20,95.17,29.84,32.40,36.03
2014-01-27,2882.48,38.14,95.02,29.84,32.40,36.04
2014-01-28,2860.21,38.14,94.86,29.84,32.40,36.05
2014-01-29,2859.09,38.30,95.70,29.84,32.41,36.06
2014-01-30,2879.79,38.10,94.55,29.84,32.41,36.07
2014-02-07,2856.84,38.94,96.53,29.84,32.42,36.08
2014-02-10,2890.70,39.78,97.86,29.84,32.43,36.10
2014-02-11,2965.07,40.00,98.52,29.85,32.44,36.12
2014-02-12,2977.54,40.30,99.01,29.85,32.44,36.12
2014-02-13,2999.06,39.52,97.05,29.86,32.45,36.12
2014-02-14,2964.70,40.44,99.35,29.86,32.45,36.12
2014-02-17,3002.93,41.05,99.51,29.87,32.45,36.13
2014-02-18,3044.69,40.97,99.35,29.87,32.45,36.14
2014-02-19,3024.97,40.82,99.02,29.88,32.45,36.14
2014-02-20,3042.60,40.26,98.05,29.88,32.45,36.15
2014-02-21,3005.35,40.48,98.86,29.89,32.46,36.16
2014-02-24,2984.67,40.45,98.70,29.89,32.47,36.16
2014-02-25,2955.74,38.86,94.50,29.89,32.48,36.18
2014-02-26,2860.97,38.98,94.83,29.90,32.49,36.22
2014-02-27,2873.72,38.77,94.19,29.90,32.50,36.24
2014-02-28,2846.49,39.53,95.97,29.90,32.50,36.26
2014-03-03,2877.26,40.20,97.43,29.90,32.51,36.26
2014-03-04,2915.71,40.34,98.23,29.90,32.52,36.27
2014-03-05,2912.23,40.03,96.96,29.91,32.53,36.29
2014-03-06,2895.41,39.76,95.84,29.91,32.53,36.32
2014-03-07,2901.32,40.08,97.12,29.91,32.53,36.36
2014-03-10,2893.16,38.56,92.82,29.91,32.53,36.38
2014-03-11,2792.69,38.70,93.15,29.91,32.53,36.40
2014-03-12,2797.95,38.37,92.37,29.91,32.54,36.40
2014-03-13,2799.26,38.74,93.17,29.91,32.55,36.41
2014-03-14,2834.67,38.51,92.39,29.91,32.56,36.41
2014-03-17,2819.06,39.49,94.94,29.91,32.56,36.42
2014-03-18,2863.74,39.32,94.31,29.91,32.56,36.42
2014-03-19,2869.03,39.51,94.95,29.91,32.56,36.43
2014-03-20,2856.78,38.55,91.97,29.91,32.56,36.44
2014-03-21,2795.26,39.28,94.03,29.91,32.56,36.44
2014-03-24,2866.00,39.50,94.82,29.91,32.56,36.47
2014-03-25,2884.39,39.55,95.30,29.91,32.56,36.51
2014-03-26,2883.67,39.92,96.40,29.92,32.56,36.56
2014-03-27,2887.80,39.30,93.59,29.92,32.56,36.61
2014-03-28,2851.41,38.33,90.48,29.92,32.56,36.63
2014-03-31,2815.03,38.36,90.65,29.92,32.56,36.63
2014-04-01,2801.24,38.97,92.69,29.92,32.56,36.63
2014-04-02,2834.97,38.63,91.46,29.93,32.58,36.64
2014-04-03,2841.91,38.94,92.40,29.93,32.60,36.65
2014-04-04,2831.16,39.28,93.34,29.93,32.61,36.67
2014-04-08,2860.84,39.58,95.21,29.93,32.61,36.71
2014-04-09,2906.99,40.12,97.22,29.93,32.62,36.73
2014-04-10,2922.67,40.35,98.31,29.93,32.63,36.73
2014-04-11,2951.85,39.88,95.85,29.93,32.64,36.73
2014-04-14,2943.27,40.28,97.70,29.93,32.64,36.74
2014-04-15,2952.68,40.10,96.78,29.93,32.64,36.75
2014-04-16,2918.78,40.01,96.17,29.93,32.65,36.75
2014-04-17,2921.63,40.27,97.40,29.94,32.66,36.77
2014-04-18,2916.66,40.91,99.24,29.94,32.66,36.81
2014-04-21,2922.43,40.27,97.10,29.94,32.67,36.81
2014-04-22,2876.06,39.49,92.85,29.95,32.69,36.85
2014-04-23,2871.33,39.55,93.62,29.96,32.70,36.86
2014-04-24,2864.56,38.59,89.38,29.96,32.71,36.88
2014-04-25,2848.01,37.88,86.06,29.97,32.72,36.91
2014-04-28,2803.59,36.59,77.31,29.98,32.73,36.91
2014-04-29,2737.39,36.89,79.76,29.98,32.73,36.91
2014-04-30,2770.01,37.33,84.31,29.98,32.74,36.92
2014-05-05,2782.73,37.67,85.09,29.99,32.75,36.94
2014-05-06,2795.58,37.97,86.47,29.99,32.76,36.96
2014-05-07,2805.43,37.13,81.53,29.99,32.77,36.96
2014-05-08,2768.45,37.17,82.16,29.99,32.77,36.98
2014-05-09,2768.01,36.96,79.49,30.00,32.77,36.98
2014-05-12,2752.85,37.61,84.75,30.00,32.77,36.99
2014-05-13,2814.11,37.70,85.07,30.01,32.78,37.00
2014-05-14,2809.57,37.60,84.50,30.01,32.79,37.00
2014-05-15,2807.94,36.90,78.72,30.01,32.79,37.00
2014-05-16,2763.50,36.60,76.08,30.01,32.79,37.00
2014-05-19,2760.31,36.49,75.67,30.02,32.80,37.00
2014-05-20,2734.65,36.64,76.74,30.02,32.80,37.00
2014-05-21,2740.79,37.01,80.18,30.02,32.80,37.00
2014-05-22,2765.51,37.06,80.50,30.02,32.81,37.01
2014-05-23,2763.34,37.50,84.22,30.03,32.82,37.01
2014-05-26,2789.86,38.05,86.89,30.03,32.83,37.01
2014-05-27,2812.25,37.91,86.32,30.04,32.84,37.02
2014-05-28,2801.61,38.27,87.96,30.04,32.84,37.02
2014-05-29,2833.39,37.83,85.34,30.05,32.85,37.05
2014-05-30,2807.80,37.85,85.36,30.06,32.86,37.07
2014-06-03,2812.16,37.79,85.09,30.08,32.87,37.09
2014-06-04,2805.94,37.58,83.80,30.09,32.88,37.10
2014-06-05,2781.95,38.05,86.73,30.10,32.88,37.11
2014-06-06,2814.32,38.14,87.19,30.10,32.88,37.12
2014-06-09,2800.26,37.92,86.19,30.10,32.89,37.13
2014-06-10,2791.16,38.30,88.24,30.11,32.90,37.13
2014-06-11,2826.07,38.61,89.86,30.11,32.91,37.14
2014-06-12,2834.22,38.53,89.15,30.11,32.91,37.14
2014-06-13,2827.94,38.86,90.61,30.11,32.91,37.14
2014-06-16,2858.13,39.07,91.49,30.11,32.91,37.15
2014-06-17,2877.47,38.62,89.63,30.11,32.91,37.16
2014-06-18,2850.28,38.46,88.49,30.11,32.91,37.17
2014-06-19,2834.03,37.69,83.19,30.11,32.91,37.17
2014-06-20,2773.13,37.93,85.37,30.12,32.92,37.19
2014-06-23,2793.45,38.25,87.11,30.12,32.93,37.20
2014-06-24,2806.46,38.56,88.98,30.13,32.94,37.21
2014-06-25,2823.21,38.30,87.29,30.13,32.95,37.22
2014-06-26,2809.01,39.02,91.44,30.14,32.96,37.22
2014-06-27,2839.68,39.30,92.31,30.14,32.98,37.25
2014-06-30,2851.29,39.85,95.02,30.14,33.01,37.27
2014-07-01,2875.34,40.12,96.73,30.14,33.01,37.27
2014-07-02,2884.26,40.20,96.74,30.14,33.01,37.28
2014-07-03,2897.53,40.44,98.44,30.14,33.02,37.29
2014-07-04,2914.80,40.54,98.87,30.14,33.02,37.31
2014-07-07,2911.08,40.46,98.59,30.14,33.03,37.31
2014-07-08,2909.61,40.84,99.15,30.15,33.05,37.31
2014-07-09,2923.69,40.07,95.49,30.15,33.05,37.32
2014-07-10,2880.61,40.12,95.78,30.15,33.05,37.33
2014-07-11,2876.90,40.21,96.35,30.15,33.06,37.34
2014-07-14,2892.87,41.01,99.44,30.15,33.07,37.42
2014-07-15,2927.80,40.28,96.92,30.16,33.09,37.49
2014-07-16,2925.13,40.06,94.83,30.16,33.11,37.50
2014-07-17,2907.06,39.77,93.02,30.16,33.13,37.52
2014-07-18,2890.52,40.09,95.12,30.17,33.16,37.54
2014-07-21,2897.00,39.86,93.31,30.18,33.18,37.57
2014-07-22,2894.52,40.32,97.22,30.20,33.20,37.59
2014-07-23,2931.31,39.83,92.92,30.21,33.20,37.60
2014-07-24,2919.56,39.39,90.43,30.22,33.20,37.61
2014-07-25,2938.45,39.64,92.11,30.22,33.23,37.61
2014-07-28,2967.13,40.25,95.99,30.22,33.27,37.65
2014-07-29,3035.29,40.58,98.62,30.23,33.28,37.68
2014-07-30,3057.03,40.64,98.62,30.23,33.29,37.69
2014-07-31,3058.97,40.98,99.31,30.23,33.30,37.70
2014-08-01,3089.05,40.53,98.07,30.23,33.30,37.72
2014-08-04,3058.65,40.92,99.04,30.24,33.32,37.73
2014-08-05,3111.22,41.30,99.86,30.24,33.34,37.75
2014-08-06,3118.93,41.39,99.86,30.25,33.34,37.77
2014-08-07,3122.62,41.15,99.32,30.25,33.34,37.79
2014-08-08,3086.34,41.28,99.59,30.25,33.36,37.82
2014-08-11,3100.80,41.66,99.86,30.26,33.37,37.84
2014-08-12,3146.77,41.67,99.86,30.26,33.38,37.85
2014-08-13,3150.05,41.72,99.86,30.27,33.38,37.85
2014-08-14,3151.46,41.59,99.46,30.27,33.41,37.86
2014-08-15,3129.17,41.89,99.86,30.28,33.44,37.86
2014-08-18,3162.78,42.62,99.86,30.29,33.45,37.87
2014-08-19,3196.87,42.44,99.73,30.29,33.46,37.89
2014-08-20,3203.57,42.05,99.59,30.30,33.46,37.90
2014-08-21,3197.24,42.08,99.60,30.31,33.46,37.91
2014-08-22,3192.98,42.10,99.60,30.32,33.47,37.91
2014-08-25,3212.50,41.74,99.06,30.32,33.47,37.92
2014-08-26,3186.19,41.28,97.98,30.33,33.48,37.92
2014-08-27,3143.27,41.26,97.85,30.33,33.50,37.94
2014-08-28,3153.17,40.64,95.98,30.34,33.50,37.97
2014-08-29,3128.23,40.89,96.52,30.34,33.50,38.02
2014-09-01,3163.42,41.62,98.53,30.35,33.53,38.04
2014-09-02,3204.55,42.08,99.33,30.35,33.56,38.05
2014-09-03,3249.98,42.33,99.60,30.36,33.56,38.05
2014-09-04,3277.32,42.92,99.87,30.36,33.57,38.05
2014-09-05,3304.76,43.05,99.87,30.36,33.59,38.09
2014-09-09,3326.79,43.48,99.87,30.37,33.61,38.12
2014-09-10,3336.28,43.46,99.73,30.37,33.61,38.14
2014-09-11,3337.43,43.25,99.60,30.38,33.61,38.14
2014-09-12,3330.68,43.61,99.87,30.38,33.63,38.14
2014-09-15,3361.66,43.84,99.87,30.38,33.66,38.19
2014-09-16,3379.95,42.63,98.94,30.39,33.66,38.21
2014-09-17,3289.85,42.92,98.95,30.39,33.67,38.22
2014-09-18,3311.88,43.28,99.34,30.40,33.67,38.24
2014-09-19,3329.81,43.52,99.61,30.40,33.67,38.25
2014-09-22,3358.10,43.02,98.82,30.41,33.67,38.27
2014-09-23,3308.43,43.60,99.61,30.42,33.68,38.27
2014-09-24,3345.85,44.11,99.87,30.42,33.70,38.28
2014-09-25,3396.85,44.19,99.87,30.43,33.72,38.30
2014-09-26,3394.84,44.37,99.87,30.44,33.73,38.30
2014-09-29,3403.22,44.83,99.87,30.45,33.74,38.30
2014-09-30,3428.75,45.43,99.87,30.45,33.74,38.32
2014-10-08,3444.72,45.94,99.87,30.46,33.74,38.33
2014-10-09,3489.71,45.97,99.87,30.46,33.76,38.34
2014-10-10,3499.16,45.64,99.61,30.47,33.77,38.36
2014-10-13,3482.06,45.66,99.61,30.47,33.78,38.37
2014-10-14,3474.64,45.62,99.35,30.48,33.78,38.38
2014-10-15,3464.74,45.94,99.61,30.48,33.84,38.42
2014-10-16,3483.46,44.86,98.97,30.49,33.91,38.47
2014-10-17,3442.78,44.41,98.71,30.49,33.92,38.51
2014-10-20,3419.32,44.95,98.97,30.49,33.93,38.53
2014-10-21,3454.64,44.61,98.59,30.49,33.94,38.54
2014-10-22,3425.04,44.12,98.07,30.50,33.94,38.55
2014-10-23,3393.29,43.46,97.05,30.50,33.95,38.56
2014-10-24,3348.92,43.73,97.70,30.50,33.97,38.56
2014-10-27,3350.71,43.99,97.83,30.50,33.98,38.58
2014-10-28,3351.84,45.29,98.98,30.50,33.99,38.59
2014-10-29,3429.54,45.68,99.49,30.51,34.01,38.60
2014-10-30,3477.86,45.63,99.11,30.51,34.03,38.61
2014-10-31,3489.96,45.91,99.49,30.51,34.05,38.62
2014-11-03,3510.72,46.10,99.87,30.52,34.08,38.63
2014-11-04,3533.41,45.88,99.24,30.53,34.09,38.65
2014-11-05,3523.30,45.70,99.11,30.55,34.11,38.68
2014-11-06,3515.16,46.22,99.87,30.56,34.12,38.71
2014-11-07,3531.78,45.93,99.24,30.57,34.14,38.74
2014-11-10,3511.74,46.10,99.62,30.58,34.17,38.76
2014-11-11,3566.40,44.67,97.35,30.60,34.20,38.82
2014-11-12,3499.26,45.60,97.98,30.61,34.28,38.86
2014-11-13,3552.15,45.15,97.61,30.63,34.36,38.86
2014-11-14,3519.25,45.09,97.49,30.64,34.37,38.87
2014-11-17,3514.63,45.50,97.87,30.65,34.38,38.93
2014-11-18,3528.76,45.50,97.74,30.66,34.39,38.94
2014-11-19,3519.92,45.70,98.62,30.66,34.39,38.95
2014-11-20,3529.70,45.68,98.38,30.67,34.41,38.97
2014-11-21,3526.77,46.07,99.50,30.68,34.43,38.98
2014-11-24,3575.87,46.32,99.88,30.69,34.44,39.01
2014-11-25,3641.00,46.80,99.88,30.69,34.44,39.05
2014-11-26,3694.15,46.81,99.88,30.70,34.44,39.14
2014-11-27,3730.45,46.84,99.88,30.70,34.44,39.25
2014-11-28,3765.20,46.54,99.50,30.71,34.45,39.26
2014-12-01,3801.61,46.33,99.38,30.71,34.45,39.27
2014-12-02,3789.73,46.88,99.88,30.71,34.47,39.28
2014-12-03,3879.90,47.51,99.88,30.71,34.49,39.28
2014-12-04,3928.62,48.06,99.88,30.71,34.50,39.28
2014-12-05,4051.31,47.00,99.63,30.71,34.50,39.30
2014-12-08,4018.93,47.52,99.75,30.71,34.52,39.30
2014-12-09,4115.81,45.68,96.80,30.72,34.54,39.31
2014-12-10,3935.36,47.21,99.51,30.72,34.56,39.32
2014-12-11,4074.05,47.59,99.75,30.73,34.58,39.34
2014-12-12,4078.68,47.98,99.75,30.73,34.59,39.39
2014-12-15,4105.88,48.43,99.88,30.73,34.60,39.39
2014-12-16,4153.42,48.41,99.76,30.74,34.61,39.44
2014-12-17,4210.72,47.67,99.39,30.74,34.61,39.48
2014-12-18,4225.94,47.94,99.39,30.75,34.61,39.49
2014-12-19,4212.88,47.93,99.27,30.75,34.62,39.49
2014-12-22,4217.02,45.56,95.13,30.76,34.62,39.50
2014-12-23,4136.18,45.11,94.41,30.76,34.63,39.51
2014-12-24,4055.34,45.61,95.27,30.77,34.63,39.51
2014-12-25,4027.01,46.32,97.58,30.77,34.63,39.52
2014-12-26,4125.63,46.55,97.94,30.78,34.64,39.53
2014-12-29,4210.81,45.84,96.13,30.78,34.66,39.55
2014-12-30,4186.36,45.34,94.20,30.78,34.67,39.55
2014-12-31,4152.93,45.86,96.14,30.78,34.68,39.56
2015-01-05,4219.00,46.22,97.23,30.78,34.69,39.58
2015-01-06,4310.69,47.20,98.56,30.78,34.69,39.60
2015-01-07,4338.93,47.27,98.68,30.78,34.70,39.63
2015-01-08,4341.89,47.09,98.32,30.78,34.72,39.66
2015-01-09,4277.76,46.97,98.08,30.79,34.73,39.71
2015-01-12,4257.06,46.03,96.29,30.79,34.74,39.76
2015-01-13,4209.38,47.11,98.33,30.79,34.75,39.77
2015-01-14,4236.69,46.66,97.37,30.80,34.75,39.78
2015-01-15,4220.66,46.83,97.61,30.80,34.75,39.80
2015-01-16,4304.69,47.37,98.69,30.81,34.75,39.82
2015-01-19,4349.65,45.84,94.88,30.81,34.78,39.83
2015-01-20,4102.10,47.42,98.69,30.82,34.81,39.85
2015-01-21,4196.97,48.30,99.64,30.83,34.83,39.86
2015-01-22,4342.22,48.92,99.88,30.83,34.84,39.86
2015-01-23,4385.06,48.59,99.76,30.84,34.87,39.87
2015-01-26,4368.62,49.29,99.88,30.84,34.89,39.88
2015-01-27,4435.87,49.36,99.88,30.85,34.91,39.89
2015-01-28,4425.60,49.23,99.65,30.85,34.92,39.91
2015-01-29,4383.22,49.10,99.53,30.85,34.93,39.94
2015-01-30,4342.75,48.69,99.29,30.86,34.94,39.97
2015-02-02,4287.84,48.75,99.29,30.86,34.95,40.00
2015-02-03,4227.98,49.21,99.53,30.86,34.95,40.01
2015-02-04,4317.46,48.80,99.18,30.86,34.97,40.03
2015-02-05,4290.96,48.77,99.06,30.86,34.99,40.04
2015-02-06,4261.62,48.03,98.13,30.86,35.00,40.05
2015-02-09,4184.68,48.00,98.01,30.86,35.01,40.06
2015-02-10,4192.66,48.09,98.25,30.86,35.04,40.07
2015-02-11,4257.97,48.49,98.60,30.86,35.07,40.08
2015-02-12,4300.68,48.93,99.30,30.87,35.07,40.09
2015-02-13,4323.56,49.38,99.88,30.87,35.07,40.09
2015-02-16,4376.23,50.27,99.88,30.88,35.07,40.10
2015-02-17,4436.61,50.34,99.88,30.88,35.07,40.12
2015-02-25,4468.30,50.52,99.88,30.89,35.08,40.12
2015-02-26,4436.94,50.75,99.88,30.89,35.08,40.12
2015-02-27,4512.46,51.04,99.88,30.90,35.09,40.15
2015-03-02,4540.14,52.05,99.88,30.90,35.09,40.20
2015-03-03,4607.94,52.02,99.77,30.91,35.12,40.20
2015-03-04,4537.47,52.63,99.88,30.91,35.15,40.21
2015-03-05,4589.90,53.20,99.88,30.91,35.16,40.23
2015-03-06,4575.79,52.36,99.65,30.92,35.16,40.25
2015-03-09,4535.45,53.05,99.77,30.92,35.16,40.25
2015-03-10,4605.00,53.84,99.89,30.92,35.16,40.26
2015-03-11,4624.65,53.83,99.77,30.93,35.17,40.27
2015-03-12,4625.73,53.20,99.54,30.93,35.19,40.27
2015-03-13,4661.81,53.59,99.66,30.94,35.20,40.27
2015-03-16,4710.85,54.74,99.89,30.94,35.21,40.27
2015-03-17,4841.61,54.92,99.89,30.95,35.22,40.28
2015-03-18,4908.65,55.66,99.89,30.95,35.22,40.28
2015-03-19,5012.04,56.07,99.89,30.96,35.22,40.29
2015-03-20,5027.45,56.31,99.89,30.96,35.22,40.31
2015-03-23,5089.96,57.60,99.89,30.97,35.23,40.32
2015-03-24,5208.89,57.70,99.89,30.97,35.24,40.34
2015-03-25,5231.42,58.15,99.89,30.97,35.25,40.34
2015-03-26,5241.52,57.59,99.55,30.98,35.25,40.35
2015-03-27,5212.77,58.20,99.89,30.98,35.25,40.36
2015-03-30,5256.35,59.44,99.89,30.99,35.25,40.39
2015-03-31,5350.51,60.10,99.89,30.99,35.26,40.44
2015-04-01,5335.49,61.19,99.89,30.99,35.27,40.44
2015-04-02,5448.16,62.41,99.89,30.99,35.27,40.45
2015-04-03,5509.21,63.08,99.89,30.99,35.27,40.45
2015-04-07,5590.94,63.90,99.89,30.99,35.28,40.46
2015-04-08,5711.52,63.04,99.66,30.99,35.30,40.48
2015-04-09,5706.10,63.03,99.55,31.00,35.30,40.52
2015-04-10,5660.24,64.38,99.89,31.00,35.30,40.54
2015-04-13,5787.21,65.58,99.89,31.01,35.33,40.56
2015-04-14,5901.75,65.59,99.89,31.01,35.37,40.59
2015-04-15,5915.94,63.36,99.44,31.02,35.38,40.64
2015-04-16,5764.91,64.47,99.67,31.03,35.38,40.64
2015-04-17,5885.23,64.69,99.67,31.03,35.38,40.75
2015-04-20,5958.14,63.00,98.78,31.04,35.38,40.82
2015-04-21,5852.96,65.48,99.67,31.04,35.39,40.83
2015-04-22,6023.42,65.97,99.89,31.05,35.40,40.84
2015-04-23,6188.01,66.75,99.89,31.05,35.42,40.88
2015-04-24,6224.56,66.10,99.78,31.06,35.44,40.90
2015-04-27,6205.16,66.16,99.78,31.06,35.45,40.91
2015-04-28,6300.93,64.23,98.78,31.07,35.47,40.93
2015-04-29,6167.86,64.75,99.12,31.07,35.47,40.97
2015-04-30,6257.59,64.67,98.90,31.08,35.48,40.98
2015-05-04,6258.61,65.06,99.12,31.08,35.48,41.00
2015-05-05,6307.57,63.58,98.24,31.09,35.49,41.03
2015-05-06,6086.06,63.03,97.80,31.09,35.50,41.07
2015-05-07,6028.22,62.86,97.48,31.10,35.51,41.15
2015-05-08,5912.67,64.02,98.36,31.10,35.52,41.16
2015-05-11,6094.72,65.55,99.23,31.10,35.53,41.20
2015-05-12,6324.11,65.44,99.02,31.11,35.55,41.24
2015-05-13,6440.47,65.80,99.45,31.11,35.56,41.26
2015-05-14,6450.72,65.85,99.45,31.11,35.56,41.28
2015-05-15,6453.70,65.12,98.69,31.12,35.56,41.28
2015-05-18,6384.32,65.58,99.02,31.13,35.57,41.29
2015-05-19,6435.07,66.19,99.78,31.14,35.58,41.34
2015-05-20,6623.78,66.35,99.78,31.15,35.59,41.43
2015-05-21,6715.71,68.45,99.89,31.16,35.60,41.59
2015-05-22,6903.76,69.17,99.89,31.16,35.61,41.61
2015-05-25,7026.53,71.07,99.89,31.16,35.61,41.64
2015-05-26,7202.85,72.17,99.89,31.16,35.62,41.66
2015-05-27,7409.93,72.16,99.78,31.16,35.63,41.68
2015-05-28,7451.34,69.34,99.57,31.16,35.64,41.72
2015-05-29,6993.60,69.57,99.57,31.16,35.66,41.74
2015-06-01,7047.31,72.16,99.78,31.16,35.66,41.83
2015-06-02,7402.48,73.26,99.89,31.17,35.66,41.95
2015-06-03,7624.02,73.54,99.89,31.17,35.67,42.06
2015-06-04,7643.01,74.68,99.89,31.17,35.69,42.08
2015-06-05,7655.22,74.59,99.79,31.17,35.70,42.08
2015-06-08,7748.37,74.31,99.68,31.17,35.71,42.09
2015-06-09,7755.74,74.42,99.68,31.18,35.73,42.19
2015-06-10,7731.52,75.28,99.89,31.18,35.75,42.35
2015-06-11,7813.59,76.54,99.89,31.18,35.75,42.44
2015-06-12,7891.57,76.78,99.89,31.18,35.75,42.58
2015-06-15,7984.43,76.66,99.79,31.18,35.75,42.63
2015-06-16,7830.24,75.08,99.47,31.18,35.76,42.75
2015-06-17,7549.98,75.46,99.57,31.18,35.77,42.92
2015-06-18,7686.79,74.25,98.83,31.18,35.77,42.92
2015-06-19,7411.90,71.03,98.09,31.18,35.78,43.00
2015-06-23,6943.04,72.28,98.52,31.18,35.80,43.04
2015-06-24,7048.74,72.97,98.52,31.18,35.80,43.13
2015-06-25,7195.77,71.48,97.99,31.18,35.80,43.26
2015-06-26,6932.39,67.56,97.25,31.18,35.81,43.28
2015-06-29,6377.07,64.30,94.93,31.18,35.82,43.42
2015-06-30,6044.15,67.20,97.15,31.18,35.85,43.46
2015-07-01,6374.83,64.73,95.26,31.19,35.88,43.47
2015-07-02,6038.69,62.01,93.37,31.19,35.89,43.49
2015-07-03,5725.83,58.14,92.74,31.19,35.89,43.52
2015-07-06,5390.68,55.83,92.12,31.19,35.90,43.58
2015-07-07,5353.86,52.64,91.08,31.19,35.91,43.61
2015-07-08,5145.51,51.39,90.57,31.19,35.91,43.66
2015-07-09,4900.42,52.78,91.10,31.19,35.92,43.75
2015-07-10,5144.13,53.67,91.53,31.19,35.94,43.84
2015-07-13,5386.22,56.45,92.37,31.19,35.96,43.96
2015-07-14,5598.64,58.88,93.01,31.19,35.98,44.06
2015-07-15,5610.20,57.09,92.28,31.20,36.01,44.11
2015-07-16,5375.38,57.89,92.60,31.20,36.02,44.13
2015-07-17,5437.81,60.87,93.24,31.20,36.03,44.19
2015-07-20,5691.55,61.34,93.35,31.20,36.03,44.33
2015-07-21,5768.49,62.20,93.46,31.20,36.04,44.39
2015-07-22,5830.52,62.81,93.57,31.20,36.05,44.49
2015-07-23,5869.74,64.31,94.82,31.20,36.05,44.62
2015-07-24,6026.95,63.45,94.20,31.20,36.06,44.67
2015-07-27,5940.26,60.25,92.66,31.20,36.07,44.80
2015-07-28,5478.88,59.20,92.36,31.20,36.08,44.85
2015-07-29,5375.72,61.00,92.78,31.20,36.08,44.90
2015-07-30,5590.31,60.08,92.37,31.20,36.09,44.98
2015-07-31,5433.40,59.35,92.17,31.20,36.11,45.09
2015-08-03,5380.01,56.41,90.95,31.21,36.11,45.11
2015-08-04,5270.29,59.85,92.29,31.22,36.12,45.13
2015-08-05,5507.63,59.42,92.09,31.23,36.12,45.21
2015-08-06,5433.98,59.67,92.21,31.24,36.12,45.30
2015-08-07,5400.55,61.27,92.93,31.25,36.12,45.34
2015-08-10,5547.11,63.28,94.06,31.25,36.12,45.41
2015-08-11,5811.70,63.38,94.17,31.26,36.12,45.47
2015-08-12,5822.53,62.67,93.16,31.26,36.13,45.50
2015-08-13,5748.50,63.79,94.39,31.27,36.14,45.51
2015-08-14,5871.15,63.96,94.50,31.27,36.14,45.56
2015-08-17,5898.59,65.09,95.62,31.27,36.14,45.59
2015-08-18,5963.36,61.28,92.37,31.27,36.15,45.61
2015-08-19,5561.44,62.20,92.68,31.27,36.16,45.61
2015-08-20,5674.28,60.65,91.78,31.27,36.16,45.62
2015-08-21,5490.65,57.02,89.86,31.27,36.16,45.63
2015-08-24,5215.02,53.50,88.55,31.27,36.16,45.64
2015-08-25,4788.03,49.72,86.94,31.28,36.18,45.65
2015-08-26,4442.48,47.96,84.63,31.28,36.20,45.67
2015-08-27,4334.14,49.42,86.87,31.29,36.22,45.68
2015-08-28,4530.14,52.42,87.89,31.29,36.24,45.68
2015-08-31,4764.94,50.02,86.90,31.29,36.25,45.68
2015-09-01,4684.96,47.03,82.98,31.29,36.26,45.69
2015-09-02,4529.78,46.30,81.59,31.30,36.26,45.70
2015-09-07,4466.57,47.20,83.22,31.30,36.26,45.73
2015-09-08,4421.33,49.32,86.45,31.30,36.27,45.84
2015-09-09,4575.43,51.27,87.46,31.30,36.28,45.84
2015-09-10,4701.48,49.93,86.77,31.30,36.30,45.85
2015-09-11,4637.70,50.42,87.09,31.30,36.31,45.87
2015-09-14,4657.69,47.06,82.60,31.30,36.34,45.89
2015-09-15,4450.35,44.33,76.82,31.30,36.36,45.88
2015-09-16,4245.27,47.44,83.43,31.30,36.38,45.90
2015-09-17,4490.13,46.84,81.95,31.30,36.39,45.92
2015-09-18,4407.81,47.49,83.47,31.30,36.39,45.93
2015-09-21,4449.18,49.09,85.77,31.30,36.40,45.94
2015-09-22,4570.03,49.49,86.58,31.30,36.41,45.94
2015-09-23,4604.73,48.74,85.10,31.30,36.41,45.96
2015-09-24,4533.30,49.92,86.71,31.30,36.41,46.01
2015-09-25,4581.45,47.65,83.45,31.31,36.41,46.05
2015-09-28,4463.49,48.85,85.35,31.31,36.41,46.08
2015-09-29,4521.85,48.07,84.17,31.31,36.42,46.10
2015-09-30,4440.56,48.36,84.39,31.31,36.42,46.10
2015-10-08,4460.10,50.02,86.87,31.31,36.42,46.17
2015-10-09,4615.69,50.67,87.38,31.31,36.43,46.22
2015-10-12,4681.41,52.69,88.37,31.31,36.44,46.24
2015-10-13,4852.99,53.18,88.58,31.31,36.44,46.30
2015-10-14,4886.24,52.62,88.00,31.31,36.44,46.32
2015-10-15,4829.10,54.33,89.29,31.31,36.46,46.32
2015-10-16,4962.58,54.80,89.40,31.31,36.48,46.32
2015-10-19,5036.52,54.88,89.41,31.31,36.48,46.37
2015-10-20,5036.65,55.36,89.52,31.31,36.49,46.54
2015-10-21,5114.45,53.17,88.16,31.31,36.51,46.55
2015-10-22,4875.25,54.78,89.15,31.32,36.53,46.62
2015-10-23,5009.16,55.08,89.45,31.32,36.56,46.72
2015-10-26,5118.84,56.31,89.85,31.33,36.59,46.80
2015-10-27,5151.29,56.13,89.77,31.33,36.59,46.81
2015-10-28,5174.62,55.70,89.48,31.33,36.60,46.83
2015-10-29,5065.55,56.40,89.98,31.33,36.60,46.84
2015-10-30,5096.52,56.56,90.18,31.34,36.60,46.84
2015-11-02,5090.64,56.50,90.10,31.34,36.62,46.85
2015-11-03,4989.70,56.28,89.52,31.34,36.63,46.88
2015-11-04,4978.49,58.41,91.09,31.34,36.63,46.95
2015-11-05,5221.36,58.62,91.09,31.34,36.63,46.99
2015-11-06,5274.37,59.77,91.68,31.34,36.63,47.01
2015-11-09,5401.92,59.76,91.59,31.34,36.63,47.04
2015-11-10,5481.53,60.36,92.08,31.34,36.64,47.06
2015-11-11,5498.48,60.76,92.19,31.35,36.64,47.08
2015-11-12,5551.08,60.73,92.10,31.35,36.64,47.10
2015-11-13,5533.36,59.98,91.53,31.36,36.65,47.15
2015-11-16,5445.36,61.54,92.79,31.36,36.66,47.20
2015-11-17,5526.14,60.71,91.93,31.37,36.67,47.20
2015-11-18,5497.87,59.78,91.17,31.37,36.70,47.21
2015-11-19,5419.62,61.09,92.33,31.37,36.72,47.25
2015-11-20,5542.24,61.53,92.72,31.38,36.72,47.31
2015-11-23,5592.71,61.52,92.63,31.38,36.73,47.38
2015-11-24,5555.00,61.78,92.83,31.38,36.73,47.42
2015-11-25,5587.51,62.25,93.12,31.38,36.73,47.44
2015-11-26,5668.74,61.87,92.75,31.38,36.73,47.47
2015-11-27,5636.34,58.92,89.90,31.38,36.74,47.50
2015-11-30,5306.07,59.45,90.29,31.38,36.75,47.51
2015-12-01,5330.91,60.23,91.06,31.38,36.75,47.52
2015-12-02,5345.86,59.62,90.21,31.38,36.75,47.58
2015-12-03,5402.59,60.95,91.74,31.38,36.75,47.63
2015-12-04,5496.62,60.16,90.89,31.38,36.78,47.66
2015-12-07,5439.65,60.94,91.66,31.38,36.81,47.72
2015-12-08,5488.94,59.56,89.87,31.38,36.81,47.93
2015-12-09,5385.93,58.55,89.03,31.39,36.81,47.94
2015-12-10,5384.63,58.81,89.13,31.40,36.84,47.95
2015-12-11,5371.41,58.31,88.76,31.40,36.86,47.97
2015-12-14,5335.84,60.80,91.51,31.41,36.86,47.98
2015-12-15,5456.51,61.09,91.89,31.42,36.86,48.00
2015-12-16,5484.63,61.28,92.18,31.42,36.88,48.02
2015-12-17,5503.52,62.54,93.32,31.42,36.89,48.05
2015-12-18,5635.12,62.58,93.33,31.42,36.89,48.06
2015-12-21,5633.02,63.49,94.46,31.42,36.90,48.07
2015-12-22,5722.03,63.78,94.56,31.42,36.91,48.09
2015-12-23,5760.29,62.84,93.35,31.42,36.91,48.26
2015-12-24,5711.29,62.91,93.45,31.42,36.91,48.34
2015-12-25,5685.59,63.51,94.39,31.43,36.92,48.38
2015-12-28,5716.56,62.44,92.71,31.43,36.94,48.41
2015-12-29,5576.04,63.01,93.46,31.43,36.96,48.43
2015-12-30,5631.47,63.33,93.94,31.43,36.96,48.48
2015-12-31,5670.35,62.71,92.82,31.43,36.96,48.55
2016-01-04,5592.64,59.68,88.92,31.44,36.96,48.63
2016-01-05,5156.02,59.21,88.19,31.44,36.96,48.70
2016-01-06,5101.97,59.82,89.22,31.44,36.98,48.74
2016-01-07,5219.81,56.20,85.70,31.44,36.99,48.75
2016-01-08,4809.71,56.85,86.46,31.45,37.00,48.76
2016-01-11,4874.65,53.59,83.97,31.45,37.00,48.78
2016-01-12,4571.97,53.80,84.17,31.46,37.00,48.81
2016-01-13,4583.36,51.83,82.42,31.46,37.00,48.85
2016-01-14,4446.67,53.52,83.83,31.47,37.00,48.91
2016-01-15,4578.46,51.41,82.27,31.48,37.01,48.93
2016-01-18,4420.99,52.90,83.21,31.48,37.01,48.99
2016-01-19,4478.99,54.20,84.42,31.49,37.01,49.09
2016-01-20,4634.16,53.75,84.07,31.50,37.02,49.10
2016-01-21,4583.39,52.45,82.52,31.50,37.02,49.19
2016-01-22,4414.23,53.25,83.55,31.51,37.02,49.22
2016-01-25,4474.63,53.47,83.56,31.51,37.02,49.25
2016-01-26,4514.41,50.48,81.19,31.52,37.04,49.30
2016-01-27,4204.88,49.75,80.48,31.52,37.06,49.32
2016-01-28,4169.19,47.63,77.11,31.52,37.07,49.31
2016-01-29,4013.12,49.38,80.05,31.53,37.08,49.34
2016-02-01,4154.91,49.01,79.34,31.53,37.09,49.34
2016-02-02,4097.08,50.41,81.10,31.54,37.10,49.36
2016-02-03,4218.69,50.64,81.39,31.54,37.11,49.38
2016-02-04,4224.52,51.75,81.95,31.54,37.11,49.38
2016-02-05,4299.54,51.65,81.88,31.54,37.11,49.40
2016-02-15,4261.11,51.51,81.80,31.55,37.12,49.45
2016-02-16,4252.90,53.11,83.18,31.55,37.12,49.54
2016-02-17,4412.03,53.56,83.92,31.55,37.13,49.72
2016-02-18,4465.17,53.57,83.94,31.55,37.14,49.74
2016-02-19,4453.40,53.90,84.59,31.55,37.14,49.85
2016-02-22,4466.16,54.83,85.05,31.56,37.14,49.92
2016-02-23,4561.69,54.55,84.71,31.56,37.14,49.95
2016-02-24,4528.73,54.65,84.72,31.56,37.14,50.02
2016-02-25,4550.35,51.44,81.21,31.57,37.14,50.02
2016-02-26,4227.46,51.36,80.96,31.57,37.15,50.17
2016-02-29,4241.59,48.61,77.55,31.58,37.16,50.12
2016-03-01,4056.61,49.94,79.73,31.58,37.16,50.07
2016-03-02,4140.27,52.11,81.82,31.59,37.17,50.27
2016-03-03,4330.47,52.02,81.65,31.59,37.17,50.33
2016-03-04,4340.99,50.48,80.14,31.59,37.17,50.38
2016-03-07,4280.62,51.75,81.42,31.60,37.19,50.41
2016-03-08,4343.78,52.42,81.97,31.60,37.20,50.43
2016-03-09,4361.63,51.28,80.65,31.60,37.20,50.48
2016-03-10,4283.77,50.61,80.13,31.60,37.20,50.48
2016-03-11,4207.43,50.45,79.79,31.60,37.21,50.48
2016-03-14,4203.89,51.86,81.50,31.61,37.22,50.50
2016-03-15,4317.66,51.57,81.07,31.61,37.22,50.54
2016-03-16,4303.37,50.98,80.29,31.61,37.22,50.61
2016-03-17,4287.42,52.60,82.26,31.61,37.24,50.63
2016-03-18,4392.54,53.94,84.59,31.61,37.26,50.66
2016-03-21,4514.16,54.93,85.50,31.61,37.27,50.70
2016-03-22,4631.23,54.88,85.24,31.61,37.27,50.80
2016-03-23,4610.20,55.54,85.70,31.61,37.28,50.98
2016-03-24,4643.03,55.49,85.63,31.61,37.28,51.03
2016-03-25,4570.48,55.31,85.46,31.61,37.28,51.18
2016-03-28,4600.65,55.24,85.39,31.61,37.29,51.27
2016-03-29,4568.76,54.39,84.34,31.61,37.30,51.30
2016-03-30,4496.18,55.90,86.03,31.61,37.31,51.36
2016-03-31,4641.47,56.23,86.31,31.61,37.31,51.38
2016-04-01,4650.48,56.35,86.58,31.61,37.31,51.40
2016-04-05,4639.56,57.20,87.30,31.62,37.31,51.42
2016-04-06,4738.23,57.95,87.67,31.62,37.32,51.45
2016-04-07,4749.75,57.12,87.15,31.62,37.33,51.51
2016-04-08,4677.99,56.94,86.90,31.62,37.33,51.56
2016-04-11,4640.20,58.59,88.22,31.62,37.34,51.62
2016-04-12,4725.52,58.41,87.97,31.63,37.34,51.69
2016-04-13,4698.08,58.70,88.33,31.63,37.41,51.75
2016-04-14,4763.06,59.55,89.13,31.63,37.48,51.75
2016-04-15,4802.24,59.34,88.70,31.63,37.49,51.81
2016-04-18,4799.42,58.57,87.93,31.63,37.50,51.85
2016-04-19,4732.40,58.70,88.11,31.64,37.51,51.92
2016-04-20,4748.91,56.61,86.20,31.64,37.52,52.02
2016-04-21,4585.19,56.35,85.60,31.64,37.53,52.02
2016-04-22,4541.68,57.03,86.49,31.64,37.55,52.04
2016-04-25,4573.18,57.07,86.50,31.64,37.56,52.09
2016-04-26,4552.14,56.94,86.16,31.65,37.58,52.21
2016-04-27,4595.40,56.87,86.09,31.65,37.59,52.37
2016-04-28,4579.56,55.50,84.19,31.65,37.60,52.42
2016-04-29,4568.66,55.32,83.94,31.65,37.61,52.42
2016-05-03,4564.67,57.07,86.47,31.65,37.61,52.44
2016-05-04,4677.33,57.38,86.83,31.66,37.61,52.51
2016-05-05,4676.39,57.49,86.84,31.66,37.61,52.60
2016-05-06,4696.78,56.06,84.43,31.66,37.64,52.62
2016-05-09,4537.64,53.59,81.42,31.66,37.67,52.63
2016-05-10,4391.48,53.74,81.69,31.66,37.68,52.64
2016-05-11,4387.49,53.43,80.85,31.66,37.69,52.66
2016-05-12,4377.84,53.49,80.95,31.66,37.70,52.71
2016-05-13,4378.54,53.46,80.79,31.66,37.70,52.78
2016-05-16,4363.05,54.11,82.27,31.66,37.71,52.88
2016-05-17,4420.87,53.80,81.77,31.66,37.72,52.99
2016-05-18,4411.97,52.25,78.95,31.67,37.73,52.96
2016-05-19,4325.80,52.65,79.66,31.67,37.74,52.93
2016-05-20,4337.45,53.38,80.53,31.67,37.75,53.05
2016-05-23,4374.19,54.48,82.60,31.67,37.76,53.10
2016-05-24,4418.14,54.09,82.19,31.68,37.77,53.15
2016-05-25,4377.67,53.68,81.44,31.68,37.79,53.17
2016-05-26,4366.37,54.12,82.31,31.69,37.81,53.18
2016-05-27,4381.21,53.88,81.90,31.69,37.83,53.20
2016-05-30,4378.09,53.52,80.63,31.69,37.84,53.20
2016-05-31,4368.69,55.28,83.72,31.69,37.85,53.23
2016-06-01,4532.85,55.56,84.24,31.69,37.85,53.30
2016-06-02,4545.76,55.86,84.51,31.69,37.85,53.39
2016-06-03,4574.87,56.31,85.12,31.69,37.86,53.43
2016-06-06,4597.34,56.20,84.79,31.69,37.86,53.45
2016-06-07,4599.42,56.81,85.99,31.69,37.86,53.47
2016-06-08,4601.11,56.74,85.92,31.69,37.86,53.48
2016-06-13,4587.39,54.33,81.95,31.69,37.87,53.49
2016-06-14,4401.32,54.37,82.05,31.69,37.88,53.50
2016-06-15,4416.46,55.71,84.09,31.69,37.89,53.52
2016-06-16,4526.74,55.91,84.36,31.69,37.90,53.52
2016-06-17,4512.46,55.73,84.04,31.70,37.91,53.54
2016-06-20,4538.50,56.23,84.89,31.70,37.91,53.56
2016-06-21,4548.53,55.85,84.06,31.70,37.91,53.57
2016-06-22,4515.17,57.00,86.44,31.70,37.91,53.59
2016-06-23,4575.46,56.76,85.94,31.70,37.91,53.59
2016-06-24,4554.49,56.32,85.11,31.70,37.92,53.59
2016-06-27,4505.95,57.18,86.97,31.70,37.92,53.61
2016-06-28,4595.10,57.83,87.49,31.70,37.93,53.67
2016-06-29,4632.58,58.04,87.67,31.70,37.95,53.68
2016-06-30,4648.80,57.66,87.26,31.71,37.97,53.72
2016-07-01,4650.62,57.69,87.27,31.71,38.00,53.74
2016-07-04,4644.61,58.68,88.54,31.72,38.03,53.76
2016-07-05,4725.52,58.92,88.88,31.72,38.04,53.80
2016-07-06,4740.63,59.08,88.97,31.72,38.05,53.80
2016-07-07,4759.22,59.48,89.57,31.72,38.05,53.82
2016-07-08,4759.86,59.14,88.91,31.73,38.05,53.83
2016-07-11,4741.75,58.44,87.83,31.73,38.05,53.85
2016-07-12,4738.82,59.17,88.93,31.73,38.05,53.88
2016-07-13,4808.27,59.90,90.43,31.73,38.08,53.90
2016-07-14,4835.90,60.06,90.52,31.73,38.10,53.92
2016-07-15,4836.23,59.80,90.12,31.74,38.12,54.00
2016-07-18,4824.85,59.27,88.88,31.74,38.14,54.09
2016-07-19,4803.76,59.77,89.88,31.74,38.14,54.11
2016-07-20,4808.13,60.20,90.80,31.74,38.14,54.12
2016-07-21,4801.61,59.91,90.31,31.74,38.14,54.17
2016-07-22,4816.65,59.49,89.16,31.74,38.14,54.25
2016-07-25,4775.50,60.12,90.66,31.74,38.17,54.33
2016-07-26,4781.75,60.73,91.33,31.74,38.20,54.33
2016-07-27,4840.17,58.74,87.62,31.74,38.20,54.36
2016-07-28,4683.80,58.03,86.31,31.74,38.21,54.38
2016-07-29,4682.34,57.84,86.08,31.75,38.23,54.43
2016-08-01,4652.71,56.79,84.20,31.75,38.24,54.49
2016-08-02,4595.01,57.22,85.36,31.75,38.25,54.55
2016-08-03,4627.03,57.36,85.37,31.75,38.25,54.63
2016-08-04,4641.88,57.78,85.96,31.76,38.26,54.70
2016-08-05,4665.23,57.27,85.23,31.76,38.27,54.76
2016-08-08,4653.34,57.58,85.49,31.77,38.27,54.78
2016-08-09,4702.57,57.85,86.16,31.77,38.27,54.80
2016-08-10,4743.89,57.53,85.35,31.77,38.28,54.82
2016-08-11,4727.33,56.90,83.97,31.77,38.30,54.86
2016-08-12,4680.32,57.21,84.89,31.77,38.30,54.88
2016-08-15,4745.21,58.07,86.53,31.77,38.30,54.89
2016-08-16,4866.18,58.39,86.87,31.77,38.30,54.92
2016-08-17,4875.12,58.28,86.72,31.77,38.30,54.93
2016-08-18,4881.81,58.65,87.46,31.77,38.31,55.02
2016-08-19,4876.93,58.80,87.79,31.77,38.33,55.14
2016-08-22,4882.43,58.19,86.42,31.77,38.34,55.25
2016-08-23,4831.48,58.83,87.90,31.77,38.34,55.28
2016-08-24,4839.36,58.40,86.69,31.77,38.35,55.30
2016-08-25,4839.62,58.63,87.27,31.77,38.36,55.32
2016-08-26,4808.00,58.95,88.17,31.77,38.36,55.34
2016-08-29,4817.57,58.85,87.85,31.77,38.37,55.39
2016-08-30,4824.80,58.66,87.22,31.77,38.38,55.49
2016-08-31,4827.81,58.44,86.58,31.77,38.39,55.50
2016-09-01,4840.00,58.08,85.70,31.77,38.42,55.52
2016-09-02,4803.14,57.80,84.99,31.78,38.46,55.55
2016-09-05,4799.62,58.07,85.56,31.78,38.48,55.58
2016-09-06,4817.08,59.30,88.72,31.78,38.51,55.66
2016-09-07,4873.57,59.53,89.29,31.79,38.52,55.69
2016-09-08,4873.11,59.83,90.19,31.80,38.53,55.71
2016-09-09,4883.98,59.19,88.26,31.80,38.54,55.72
2016-09-12,4852.07,57.74,84.50,31.81,38.55,55.75
2016-09-13,4735.62,58.06,85.23,31.82,38.55,55.83
2016-09-14,4753.90,57.41,83.72,31.83,38.56,55.85
2016-09-19,4726.51,57.88,84.86,31.84,38.56,55.86
2016-09-20,4772.18,58.32,85.99,31.84,38.56,55.88
2016-09-21,4768.62,58.20,85.68,31.85,38.57,55.90
2016-09-22,4779.21,58.56,86.57,31.86,38.58,55.91
2016-09-23,4810.08,58.06,85.06,31.86,38.59,56.03
2016-09-26,4790.90,56.83,81.80,31.86,38.59,56.07
2016-09-27,4699.25,57.25,83.09,31.87,38.60,56.09
2016-09-28,4730.50,57.25,83.03,31.87,38.61,56.14
2016-09-29,4720.99,57.47,83.44,31.87,38.61,56.20
2016-09-30,4738.01,57.65,83.85,31.87,38.62,56.20
2016-10-10,4757.40,58.51,86.49,31.87,38.62,56.22
2016-10-11,4837.65,59.28,88.64,31.87,38.63,56.23
2016-10-12,4864.44,59.21,88.41,31.87,38.64,56.24
2016-10-13,4862.15,59.41,88.90,31.87,38.66,56.28
2016-10-14,4868.11,59.34,88.67,31.87,38.68,56.30
2016-10-17,4865.17,58.55,86.22,31.87,38.70,56.31
2016-10-18,4822.99,59.18,88.05,31.88,38.72,56.31
2016-10-19,4892.03,59.09,87.83,31.88,38.74,56.31
2016-10-20,4886.20,59.61,89.57,31.88,38.76,56.32
2016-10-21,4895.33,59.06,87.61,31.88,38.77,56.34
2016-10-24,4887.91,59.16,87.85,31.88,38.81,56.35
2016-10-25,4935.44,58.57,86.05,31.89,38.86,56.37
2016-10-26,4947.80,57.89,83.86,31.89,38.86,56.40
2016-10-27,4928.15,57.45,82.45,31.89,38.86,56.41
2016-10-28,4920.99,56.48,80.03,31.89,38.86,56.44
2016-10-31,4890.55,55.65,77.93,31.89,38.87,56.43
2016-11-01,4887.24,56.30,79.28,31.89,38.91,56.43
2016-11-02,4931.76,55.79,78.20,31.89,38.94,56.42
2016-11-03,4897.74,56.29,79.23,31.89,38.94,56.41
2016-11-04,4934.25,56.16,78.78,31.90,38.94,56.41
2016-11-07,4919.62,56.26,79.11,31.90,38.95,56.41
2016-11-08,4923.66,56.37,79.83,31.91,38.97,56.40
2016-11-09,4949.30,56.09,78.52,31.91,38.97,56.40
2016-11-10,4918.45,56.70,80.41,31.92,38.98,56.41
2016-11-11,4980.24,56.70,80.34,31.92,39.00,56.44
2016-11-14,5012.47,57.02,81.29,31.93,39.02,56.47
2016-11-15,5030.26,57.11,81.70,31.93,39.05,56.49
2016-11-16,5044.48,57.52,82.80,31.94,39.07,56.51
2016-11-17,5047.23,57.22,81.96,31.94,39.16,56.56
2016-11-18,5044.14,57.13,81.66,31.94,39.25,56.60
2016-11-21,5022.16,56.98,80.90,31.94,39.25,56.66
2016-11-22,5044.90,57.57,82.93,31.95,39.26,56.70
2016-11-23,5086.51,57.49,82.64,31.95,39.27,56.71
2016-11-24,5074.32,57.22,81.80,31.95,39.27,56.74
2016-11-25,5069.83,57.13,81.42,31.95,39.28,56.76
2016-11-28,5096.93,57.42,82.44,31.95,39.28,56.78
2016-11-29,5107.02,56.37,78.98,31.95,39.28,56.77
2016-11-30,5094.99,56.48,79.31,31.95,39.28,56.77
2016-12-01,5068.87,56.64,79.63,31.95,39.29,56.76
2016-12-02,5100.05,56.08,77.49,31.95,39.30,56.76
2016-12-05,5030.27,55.68,76.58,31.95,39.30,56.75
2016-12-06,4977.03,55.79,76.83,31.96,39.30,56.75
2016-12-07,4977.17,56.48,79.23,31.96,39.31,56.74
2016-12-08,5018.43,56.03,77.25,31.96,39.32,56.74
2016-12-09,5000.31,56.00,77.19,31.97,39.33,56.73
2016-12-12,5006.61,53.91,73.83,31.97,39.33,56.72
2016-12-13,4818.29,54.34,74.39,31.98,39.36,56.72
2016-12-14,4829.24,53.84,73.49,31.98,39.39,56.71
2016-12-15,4798.50,54.25,74.20,31.99,39.39,56.70
2016-12-16,4799.28,54.47,74.60,31.99,39.39,56.70
2016-12-19,4827.35,54.62,74.77,32.00,39.43,56.70
2016-12-20,4815.73,54.87,75.17,32.00,39.47,56.70
2016-12-21,4799.13,55.20,75.57,32.01,39.48,56.70
2016-12-22,4838.25,55.45,75.97,32.01,39.49,56.70
2016-12-23,4834.80,54.94,75.38,32.01,39.49,56.69
2016-12-26,4786.61,55.18,75.48,32.01,39.49,56.68
2016-12-27,4806.21,54.95,75.34,32.02,39.50,56.66
2016-12-28,4806.41,54.66,74.52,32.02,39.50,56.65
2016-12-29,4788.62,54.60,74.32,32.02,39.50,56.64
2016-12-30,4777.30,54.73,74.56,32.02,39.51,56.63
2017-01-03,4786.98,54.98,75.42,32.02,39.52,56.63
2017-01-04,4831.69,55.55,76.35,32.03,39.52,56.62
2017-01-05,4879.99,55.49,76.06,32.03,39.53,56.62
2017-01-06,4881.35,55.31,75.70,32.03,39.53,56.61
2017-01-09,4850.94,55.72,76.85,32.03,39.54,56.60
2017-01-10,4875.43,55.57,76.42,32.03,39.55,56.59
2017-01-11,4861.77,54.98,75.15,32.03,39.55,56.58
2017-01-12,4818.11,54.91,74.72,32.03,39.55,56.57
2017-01-13,4782.32,53.59,71.79,32.03,39.56,56.56
2017-01-16,4741.08,51.87,68.95,32.03,39.58,56.55
2017-01-17,4645.33,52.10,69.20,32.03,39.59,56.54
2017-01-18,4675.60,51.87,68.85,32.03,39.60,56.52
2017-01-19,4675.03,51.69,68.50,32.03,39.62,56.51
2017-01-20,4656.82,52.60,69.72,32.03,39.64,56.50
2017-01-23,4711.31,53.12,70.50,32.03,39.66,56.50
2017-01-24,4741.02,52.59,69.62,32.03,39.67,56.49
2017-01-25,4732.90,52.97,70.31,32.04,39.72,56.49
2017-01-26,4746.12,53.47,71.16,32.04,39.76,56.48
2017-02-03,4770.43,53.21,70.81,32.04,39.77,56.48
2017-02-06,4748.21,53.83,72.48,32.04,39.77,56.48
2017-02-07,4780.50,53.64,71.97,32.04,39.78,56.48
2017-02-08,4778.28,53.95,73.04,32.04,39.78,56.48
2017-02-09,4806.69,54.34,73.58,32.04,39.80,56.48
2017-02-10,4835.26,54.31,73.38,32.04,39.82,56.48
2017-02-13,4842.30,54.65,74.29,32.04,39.83,56.48
2017-02-14,4872.11,54.60,74.01,32.04,39.83,56.48
2017-02-15,4870.58,54.29,73.21,32.05,39.84,56.48
2017-02-16,4836.76,54.50,73.90,32.05,39.85,56.48
2017-02-17,4867.22,54.11,72.81,32.05,39.86,56.48
2017-02-20,4831.84,54.37,73.65,32.05,39.86,56.47
2017-02-21,4888.10,54.70,74.48,32.05,39.86,56.47
2017-02-22,4918.36,54.59,73.98,32.05,39.86,56.46
2017-02-23,4935.19,54.63,74.22,32.05,39.87,56.46
2017-02-24,4923.30,54.78,74.76,32.05,39.88,56.45
2017-02-27,4930.06,53.66,71.30,32.06,39.89,56.44
2017-02-28,4891.91,53.49,70.44,32.07,39.89,56.43
2017-03-01,4906.27,53.26,70.01,32.07,39.91,56.43
2017-03-02,4917.19,53.05,69.30,32.08,39.92,56.42
2017-03-03,4885.97,53.19,69.69,32.09,39.94,56.41
2017-03-06,4888.78,53.76,71.70,32.09,39.95,56.41
2017-03-07,4929.80,54.08,72.53,32.10,39.98,56.41
2017-03-08,4940.14,53.82,71.82,32.10,40.00,56.40
2017-03-09,4926.43,53.55,70.66,32.11,40.00,56.40
2017-03-10,4892.83,53.48,70.24,32.11,40.01,56.40
2017-03-13,4894.77,53.99,72.54,32.12,40.02,56.39
2017-03-14,4933.24,53.86,72.12,32.13,40.03,56.39
2017-03-15,4927.20,53.76,71.48,32.13,40.04,56.38
2017-03-16,4928.46,53.94,72.38,32.14,40.05,56.38
2017-03-17,4966.28,54.19,72.99,32.15,40.05,56.37
2017-03-20,4923.53,54.23,73.08,32.15,40.06,56.37
2017-03-21,4934.95,54.33,73.32,32.15,40.06,56.37
2017-03-22,4950.67,53.97,72.39,32.16,40.07,56.37
2017-03-23,4927.75,54.25,73.14,32.16,40.08,56.37
2017-03-24,4936.26,54.06,72.43,32.16,40.08,56.37
2017-03-27,4962.37,54.14,72.81,32.16,40.09,56.37
2017-03-28,4946.99,53.75,70.94,32.17,40.09,56.36
2017-03-29,4934.16,53.14,68.63,32.17,40.09,56.36
2017-03-30,4915.45,52.41,67.27,32.18,40.10,56.35
2017-03-31,4844.46,52.60,67.59,32.18,40.11,56.35
2017-04-05,4863.51,53.52,69.93,32.18,40.12,56.35
2017-04-06,4949.59,53.95,72.28,32.19,40.12,56.35
2017-04-07,4965.07,54.01,72.44,32.19,40.12,56.35
2017-04-10,4970.40,54.01,72.39,32.20,40.12,56.35
2017-04-11,4942.59,54.29,73.35,32.20,40.12,56.35
2017-04-12,4972.47,53.49,69.46,32.20,40.16,56.34
2017-04-13,4944.72,53.85,71.58,32.20,40.20,56.34
2017-04-14,4958.74,52.84,67.85,32.20,40.20,56.33
2017-04-17,4901.23,52.09,66.50,32.20,40.20,56.33
2017-04-18,4858.68,52.14,66.67,32.20,40.20,56.32
2017-04-19,4824.73,51.41,65.32,32.20,40.21,56.32
2017-04-20,4780.79,51.26,64.99,32.20,40.23,56.32
2017-04-21,4780.82,51.06,64.94,32.20,40.25,56.31
2017-04-24,4768.25,49.04,62.59,32.20,40.25,56.31
2017-04-25,4671.02,49.00,62.47,32.20,40.25,56.31
2017-04-26,4686.41,48.95,62.43,32.20,40.25,56.31
2017-04-27,4696.71,48.83,62.17,32.20,40.26,56.31
2017-04-28,4709.19,48.78,62.05,32.21,40.27,56.31
2017-05-02,4718.13,48.50,61.58,32.21,40.27,56.31
2017-05-03,4713.02,48.41,61.32,32.21,40.27,56.31
2017-05-04,4698.04,48.17,61.13,32.21,40.27,56.31
2017-05-05,4684.75,47.66,60.37,32.21,40.27,56.31
2017-05-08,4637.68,46.81,58.61,32.21,40.27,56.31
2017-05-09,4573.67,47.33,59.71,32.21,40.28,56.31
2017-05-10,4585.07,46.50,58.24,32.21,40.28,56.31
2017-05-11,4528.31,46.05,57.56,32.21,40.28,56.31
2017-05-12,4526.13,45.78,56.81,32.21,40.28,56.31
2017-05-15,4540.47,45.68,56.41,32.22,40.29,56.30
2017-05-16,4557.81,46.56,58.51,32.22,40.30,56.30
2017-05-17,4626.38,46.99,59.17,32.22,40.31,56.30
2017-05-18,4622.53,46.53,58.28,32.22,40.32,56.30
2017-05-19,4597.10,46.45,58.17,32.22,40.33,56.30
2017-05-22,4599.61,45.64,56.14,32.23,40.34,56.29
2017-05-23,4562.41,44.17,54.47,32.23,40.34,56.29
2017-05-24,4505.60,44.47,54.78,32.23,40.34,56.29
2017-05-25,4517.70,44.87,55.10,32.23,40.34,56.29
2017-05-26,4574.75,45.01,55.20,32.23,40.35,56.29
2017-05-31,4569.97,44.43,54.67,32.23,40.37,56.28
2017-06-01,4572.15,43.48,53.71,32.23,40.38,56.28
2017-06-02,4519.04,43.98,54.10,32.23,40.41,56.28
2017-06-05,4536.55,44.34,54.55,32.23,40.44,56.28
2017-06-06,4545.59,44.44,54.80,32.23,40.44,56.27
2017-06-07,4570.62,45.40,55.74,32.23,40.44,56.27
2017-06-08,4644.84,45.49,55.85,32.23,40.45,56.26
2017-06-09,4662.67,45.48,55.81,32.23,40.45,56.26
2017-06-12,4674.94,45.74,57.03,32.23,40.45,56.25
2017-06-13,4641.12,46.46,58.61,32.24,40.46,56.25
2017-06-14,4679.13,46.43,58.50,32.24,40.47,56.24
2017-06-15,4649.45,47.21,60.21,32.25,40.48,56.24
2017-06-16,4672.07,46.93,59.54,32.25,40.50,56.23
2017-06-19,4661.43,47.33,60.48,32.25,40.53,56.23
2017-06-20,4698.60,47.42,60.57,32.26,40.53,56.23
2017-06-21,4697.38,47.41,60.53,32.26,40.54,56.23
2017-06-22,4725.04,46.28,57.97,32.27,40.56,56.23
2017-06-23,4685.72,46.34,58.28,32.27,40.58,56.23
2017-06-26,4708.62,46.89,59.43,32.27,40.61,56.22
2017-06-27,4768.79,47.14,60.01,32.27,40.64,56.22
2017-06-28,4776.66,46.65,58.79,32.27,40.64,56.21
2017-06-29,4743.92,46.67,58.89,32.27,40.64,56.21
2017-06-30,4768.11,46.87,59.33,32.27,40.73,56.20
2017-07-03,4772.14,47.19,60.13,32.27,40.82,56.20
2017-07-04,4781.39,47.06,59.87,32.28,40.83,56.20
